threshold,BPCER,APCER
7.226435595752978e-12,0.0,0.9996296296296296
3.028155157180912e-11,0.0,0.9992592592592593
7.900418513839824e-11,0.0,0.9988888888888889
9.167114289887479e-11,0.0,0.9985185185185185
1.348717942883937e-10,0.0,0.9981481481481481
1.4844853124529322e-10,0.0,0.9977777777777778
1.7682992570211553e-10,0.0,0.9974074074074074
1.8456866590632615e-10,0.0,0.997037037037037
2.925287234667451e-10,0.0,0.9966666666666667
3.2049984888260497e-10,0.0,0.9962962962962963
3.5161323852506143e-10,0.0,0.9959259259259259
3.764196732092273e-10,0.0,0.9955555555555555
3.867241804567101e-10,0.0,0.9951851851851852
4.455666946512338e-10,0.0,0.9948148148148148
4.526432284546189e-10,0.0,0.9944444444444445
4.6371062545347286e-10,0.0,0.9940740740740741
5.922153878401559e-10,0.0,0.9937037037037038
6.205757019372982e-10,0.0,0.9933333333333333
6.236449134888744e-10,0.0,0.9929629629629629
6.561278742545085e-10,0.0,0.9925925925925926
6.657409068466791e-10,0.0,0.9922222222222222
6.889550596689276e-10,0.0,0.9918518518518519
6.906952787488763e-10,0.0,0.9914814814814815
7.246176436659368e-10,0.0,0.9911111111111112
7.328492257485664e-10,0.0,0.9907407407407407
7.581224537034359e-10,0.0,0.9903703703703703
7.727006812174864e-10,0.0,0.99
8.238255633230551e-10,0.0,0.9896296296296296
8.349476665614475e-10,0.0,0.9892592592592593
8.398850503965605e-10,0.0,0.9888888888888889
9.651563992463252e-10,0.0,0.9885185185185185
9.756644381297974e-10,0.0,0.9881481481481481
9.921872212714788e-10,0.0,0.9877777777777778
1.0377556591834036e-09,0.0,0.9874074074074074
1.1258101118016839e-09,0.0,0.987037037037037
1.2712553232319124e-09,0.0,0.9866666666666667
1.4961504257726688e-09,0.0,0.9862962962962963
1.5438169631565302e-09,0.0,0.9859259259259259
1.5544584508475623e-09,0.0,0.9855555555555555
1.5644516793145158e-09,0.0,0.9851851851851852
1.567708851624161e-09,0.0,0.9848148148148148
1.7303056765172187e-09,0.0,0.9844444444444445
1.7379842010001312e-09,0.0,0.9840740740740741
1.749965061748071e-09,0.0,0.9837037037037037
1.7656787143494057e-09,0.0,0.9833333333333333
1.7753907233242217e-09,0.0,0.9829629629629629
1.85381765493986e-09,0.0,0.9825925925925926
1.8745613949988638e-09,0.0,0.9822222222222222
1.8913224320016297e-09,0.0,0.9818518518518519
1.919414183149115e-09,0.0,0.9814814814814815
1.919971959196687e-09,0.0,0.9811111111111112
1.947341843333561e-09,0.0,0.9807407407407407
1.951745876027644e-09,0.0,0.9803703703703703
1.98501881598645e-09,0.0,0.98
2.0409172130086972e-09,0.0,0.9796296296296296
2.174742164129384e-09,0.0,0.9792592592592593
2.2537531840782776e-09,0.0,0.9788888888888889
2.276332899953104e-09,0.0,0.9785185185185186
2.2867683302507658e-09,0.0,0.9781481481481481
2.304618940129899e-09,0.0,0.9777777777777777
2.352594341559211e-09,0.0,0.9774074074074074
2.3962587469839036e-09,0.0,0.977037037037037
2.4048993907399563e-09,0.0,0.9766666666666667
2.454129344187095e-09,0.0,0.9762962962962963
2.5329298658505195e-09,0.0,0.975925925925926
2.5343938059307902e-09,0.0,0.9755555555555555
2.5988105001317763e-09,0.0,0.9751851851851852
2.7740969521516945e-09,0.0,0.9748148148148148
2.81773759880366e-09,0.0,0.9744444444444444
2.8778321947697805e-09,0.0,0.9740740740740741
3.0274938112029304e-09,0.0,0.9737037037037037
3.1383993182032555e-09,0.0,0.9733333333333334
3.148488580961839e-09,0.0,0.9729629629629629
3.2349363188188818e-09,0.0,0.9725925925925926
3.257774494613841e-09,0.0,0.9722222222222222
3.315225427513724e-09,0.0,0.9718518518518519
3.4178957442065894e-09,0.0,0.9714814814814815
3.4277105598334856e-09,0.0,0.9711111111111111
3.479603716272095e-09,0.0,0.9707407407407408
3.4868086196127024e-09,0.0,0.9703703703703703
3.5453369129356815e-09,0.0,0.97
3.545495008694388e-09,0.0,0.9696296296296296
3.5604865722405066e-09,0.0,0.9692592592592593
3.5607734538700697e-09,0.0,0.9688888888888889
3.5748342064323424e-09,0.0,0.9685185185185186
3.620586497277145e-09,0.0,0.9681481481481482
3.624822664249905e-09,0.0,0.9677777777777777
3.73584674306926e-09,0.0,0.9674074074074074
3.761000400004377e-09,0.0,0.967037037037037
3.848931839911529e-09,0.0,0.9666666666666667
3.85310627848412e-09,0.0,0.9662962962962963
4.013086751797346e-09,0.0,0.965925925925926
4.180372492612605e-09,0.0,0.9655555555555555
4.2956012080708206e-09,0.0,0.9651851851851851
4.331272673852027e-09,0.0,0.9648148148148148
4.331828229453549e-09,0.0,0.9644444444444444
4.352227023218802e-09,0.0,0.9640740740740741
4.375878326356997e-09,0.0,0.9637037037037037
4.410558585021818e-09,0.0,0.9633333333333334
4.413744481013282e-09,0.0,0.9629629629629629
4.456770952288025e-09,0.0,0.9625925925925926
4.504065564958637e-09,0.0,0.9622222222222222
4.659244545734964e-09,0.0,0.9618518518518518
4.659547414576082e-09,0.0,0.9614814814814815
4.735673631017789e-09,0.0,0.9611111111111111
4.7711292694430085e-09,0.0,0.9607407407407408
4.789617591427486e-09,0.0,0.9603703703703703
4.948430998297226e-09,0.0,0.96
5.057790630758063e-09,0.0,0.9596296296296296
5.061955743457247e-09,0.0,0.9592592592592593
5.1013882007566735e-09,0.0,0.9588888888888889
5.137390068910008e-09,0.0,0.9585185185185185
5.156292282038066e-09,0.0,0.9581481481481482
5.2260813454552135e-09,0.0,0.9577777777777777
5.39633848717358e-09,0.0,0.9574074074074074
5.474071862465735e-09,0.0,0.957037037037037
5.564317007156205e-09,0.0,0.9566666666666667
5.659422264159275e-09,0.0,0.9562962962962963
5.77166137105678e-09,0.0,0.955925925925926
5.827553994919299e-09,0.0,0.9555555555555556
6.02901373270015e-09,0.0,0.9551851851851851
6.07666983398758e-09,0.0,0.9548148148148148
6.19635809329111e-09,0.0,0.9544444444444444
6.323933821050787e-09,0.0,0.9540740740740741
6.3927494409199426e-09,0.0,0.9537037037037037
6.412368414032699e-09,0.0,0.9533333333333334
6.54117471299287e-09,0.0,0.952962962962963
6.8939685071711665e-09,0.0,0.9525925925925925
6.899066651300245e-09,0.0,0.9522222222222222
7.002264101885203e-09,0.0,0.9518518518518518
7.119456135740165e-09,0.0,0.9514814814814815
7.253734946033319e-09,0.0,0.9511111111111111
7.308096794389485e-09,0.0,0.9507407407407408
7.352026543117063e-09,0.0,0.9503703703703704
7.419491687699065e-09,0.0,0.95
7.472458207757882e-09,0.0,0.9496296296296296
7.477327201854678e-09,0.0,0.9492592592592592
7.539852298066307e-09,0.0,0.9488888888888889
7.785750710809225e-09,0.0,0.9485185185185185
7.804590751447904e-09,0.0,0.9481481481481482
7.862048789775145e-09,0.0,0.9477777777777778
8.061284084703857e-09,0.0,0.9474074074074074
8.344627211442912e-09,0.0,0.947037037037037
8.55459525439528e-09,0.0,0.9466666666666667
8.599037037981816e-09,0.0,0.9462962962962963
8.99582097702023e-09,0.0,0.945925925925926
9.153851898702214e-09,0.0,0.9455555555555556
9.263752431820649e-09,0.0,0.9451851851851852
9.265059830454447e-09,0.0,0.9448148148148148
9.326283745281216e-09,0.0,0.9444444444444444
9.429132141747232e-09,0.0,0.9440740740740741
9.466383232847875e-09,0.0,0.9437037037037037
9.572215020625663e-09,0.0,0.9433333333333334
9.614744556074584e-09,0.0,0.942962962962963
9.649484766782734e-09,0.0,0.9425925925925925
9.666987210721345e-09,0.0,0.9422222222222222
1.000864902067633e-08,0.0,0.9418518518518518
1.009181715971863e-08,0.0,0.9414814814814815
1.0098585079276745e-08,0.0,0.9411111111111111
1.0381043580309779e-08,0.0,0.9407407407407408
1.050602982388682e-08,0.0,0.9403703703703704
1.070986499485116e-08,0.0,0.94
1.0946328288241602e-08,0.0,0.9396296296296296
1.0971016095595587e-08,0.0,0.9392592592592592
1.100258195663173e-08,0.0,0.9388888888888889
1.1286079626415813e-08,0.0,0.9385185185185185
1.1349188255849185e-08,0.0,0.9381481481481482
1.1437484737086834e-08,0.0,0.9377777777777778
1.1441358971353566e-08,0.0,0.9374074074074074
1.1801471799799401e-08,0.0,0.937037037037037
1.1810801225919931e-08,0.0,0.9366666666666666
1.2004496952044974e-08,0.0,0.9362962962962963
1.2434721696763518e-08,0.0,0.9359259259259259
1.2895032597270983e-08,0.0,0.9355555555555556
1.3097380957560745e-08,0.0,0.9351851851851852
1.3382496888425521e-08,0.0,0.9348148148148148
1.3386630470790806e-08,0.0,0.9344444444444444
1.3440868862346633e-08,0.0,0.9340740740740741
1.3889825289936653e-08,0.0,0.9337037037037037
1.4100521639193175e-08,0.0,0.9333333333333333
1.414143824263192e-08,0.0,0.932962962962963
1.4361827282982631e-08,0.0,0.9325925925925926
1.4373815915291743e-08,0.0,0.9322222222222222
1.4620477273297183e-08,0.0,0.9318518518518518
1.5019224974821554e-08,0.0,0.9314814814814815
1.5228856398152857e-08,0.0,0.9311111111111111
1.5301317546345672e-08,0.0,0.9307407407407408
1.5447914947230856e-08,0.0,0.9303703703703704
1.560070650441503e-08,0.0,0.93
1.5757052551634843e-08,0.0,0.9296296296296296
1.5847501089183424e-08,0.0,0.9292592592592592
1.5847982481886902e-08,0.0,0.9288888888888889
1.616813349869517e-08,0.0,0.9285185185185185
1.6583049600171762e-08,0.0,0.9281481481481482
1.683371309013637e-08,0.0,0.9277777777777778
1.6863413776491143e-08,0.0,0.9274074074074075
1.6961408277893497e-08,0.0,0.927037037037037
1.735686439019446e-08,0.0,0.9266666666666666
1.738304789000722e-08,0.0,0.9262962962962963
1.790027504000591e-08,0.0,0.9259259259259259
1.8032533688483454e-08,0.0,0.9255555555555556
1.821262607393237e-08,0.0,0.9251851851851852
1.8402557699914723e-08,0.0,0.9248148148148149
1.917264036421784e-08,0.0,0.9244444444444444
1.9261516825963554e-08,0.0,0.924074074074074
1.9747572466144447e-08,0.0,0.9237037037037037
1.9852985033708137e-08,0.0,0.9233333333333333
1.9973718679011654e-08,0.0,0.922962962962963
2.0050396898341205e-08,0.0,0.9225925925925926
2.0087190577555702e-08,0.0,0.9222222222222223
2.0401756728460896e-08,0.0,0.9218518518518518
2.044981073368035e-08,0.0,0.9214814814814815
2.0469135719736187e-08,0.0,0.9211111111111111
2.0693079250122537e-08,0.0,0.9207407407407407
2.087092809688329e-08,0.0,0.9203703703703704
2.1047410925234544e-08,0.0,0.92
2.128209075635823e-08,0.0,0.9196296296296296
2.129696241581769e-08,0.0,0.9192592592592592
2.1514278358836236e-08,0.0,0.9188888888888889
2.1924446258481112e-08,0.0,0.9185185185185185
2.197776360901571e-08,0.0,0.9181481481481482
2.2180756786838174e-08,0.0,0.9177777777777778
2.3150317218778582e-08,0.0,0.9174074074074074
2.3176543351155487e-08,0.0,0.917037037037037
2.334399873404891e-08,0.0,0.9166666666666666
2.3433049278764884e-08,0.0,0.9162962962962963
2.363881890232733e-08,0.0,0.9159259259259259
2.404441623582443e-08,0.0,0.9155555555555556
2.490503447916126e-08,0.0,0.9151851851851852
2.5149752502784395e-08,0.0,0.9148148148148149
2.5151315696803067e-08,0.0,0.9144444444444444
2.535804455305879e-08,0.0,0.914074074074074
2.5491846855629774e-08,0.0,0.9137037037037037
2.5547969073613785e-08,0.0,0.9133333333333333
2.561202272488572e-08,0.0,0.912962962962963
2.5794451019578446e-08,0.0,0.9125925925925926
2.607986893110592e-08,0.0,0.9122222222222223
2.621827555060463e-08,0.0,0.9118518518518518
2.6268100583592968e-08,0.0,0.9114814814814814
2.6365146510443083e-08,0.0,0.9111111111111111
2.648952168726737e-08,0.0,0.9107407407407407
2.653863262480627e-08,0.0,0.9103703703703704
2.655352204783412e-08,0.0,0.91
2.754905636948024e-08,0.0,0.9096296296296297
2.7669830870991063e-08,0.0,0.9092592592592592
2.8039679023095232e-08,0.0,0.9088888888888889
2.812830146581291e-08,0.0,0.9085185185185185
2.8143459118723513e-08,0.0,0.9081481481481481
2.8578465816053722e-08,0.0,0.9077777777777778
2.8674364216385584e-08,0.0,0.9074074074074074
2.901581730441194e-08,0.0,0.9070370370370371
2.983431457437291e-08,0.0,0.9066666666666666
2.9905859122436595e-08,0.0,0.9062962962962963
2.9924287048288534e-08,0.0,0.9059259259259259
3.0212177648536453e-08,0.0,0.9055555555555556
3.028581474495695e-08,0.0,0.9051851851851852
3.049332519822201e-08,0.0,0.9048148148148148
3.0763573022341006e-08,0.0,0.9044444444444445
3.094265821346198e-08,0.0,0.904074074074074
3.108143431518329e-08,0.0,0.9037037037037037
3.120846869819616e-08,0.0,0.9033333333333333
3.128821646214419e-08,0.0,0.902962962962963
3.1965491587016004e-08,0.0,0.9025925925925926
3.2308435038430616e-08,0.0,0.9022222222222223
3.243198420932458e-08,0.0,0.9018518518518519
3.249335378541218e-08,0.0,0.9014814814814814
3.254637803706828e-08,0.0,0.9011111111111111
3.2558325813170086e-08,0.0,0.9007407407407407
3.285233063365922e-08,0.0,0.9003703703703704
3.28797682414006e-08,0.0,0.9
3.3352037576150906e-08,0.0,0.8996296296296297
3.3483807726497616e-08,0.0,0.8992592592592593
3.380186797130591e-08,0.0,0.8988888888888888
3.394463377048851e-08,0.0,0.8985185185185185
3.477178722732788e-08,0.0,0.8981481481481481
3.480670685007681e-08,0.0,0.8977777777777778
3.499100387216458e-08,0.0,0.8974074074074074
3.503938827975617e-08,0.0,0.8970370370370371
3.513638802132846e-08,0.0,0.8966666666666666
3.5295268929758095e-08,0.0,0.8962962962962963
3.5633597406103945e-08,0.0,0.8959259259259259
3.5819482491206145e-08,0.0,0.8955555555555555
3.622421118620878e-08,0.0,0.8951851851851852
3.633000034142242e-08,0.0,0.8948148148148148
3.6586804696980835e-08,0.0,0.8944444444444445
3.6604962616593184e-08,0.0,0.894074074074074
3.679628690633763e-08,0.0,0.8937037037037037
3.687932093043855e-08,0.0,0.8933333333333333
3.689244820748172e-08,0.0,0.892962962962963
3.729326536472399e-08,0.0,0.8925925925925926
3.788239055779741e-08,0.0,0.8922222222222222
3.820674265853086e-08,0.0,0.8918518518518519
3.822664140784582e-08,0.0,0.8914814814814814
3.8395654655687395e-08,0.0,0.8911111111111111
3.8789547573969685e-08,0.0,0.8907407407407407
3.891520705678886e-08,0.0,0.8903703703703704
3.912892765356446e-08,0.0,0.89
3.925545755123494e-08,0.0,0.8896296296296297
3.954323091193146e-08,0.0,0.8892592592592593
4.0697024417113425e-08,0.0,0.8888888888888888
4.1964806740679705e-08,0.0,0.8885185185185185
4.276606091480062e-08,0.0,0.8881481481481481
4.298641442801454e-08,0.0,0.8877777777777778
4.450308210834919e-08,0.0,0.8874074074074074
4.50534116680501e-08,0.0,0.8870370370370371
4.5229867851048766e-08,0.0,0.8866666666666667
4.5618762101184984e-08,0.0,0.8862962962962962
4.568438782825979e-08,0.0,0.8859259259259259
4.569675127186201e-08,0.0,0.8855555555555555
4.6374680096050724e-08,0.0,0.8851851851851852
4.666015129828338e-08,0.0,0.8848148148148148
4.797772135134437e-08,0.0,0.8844444444444445
4.839610667772831e-08,0.0,0.8840740740740741
5.0898872672178186e-08,0.0,0.8837037037037037
5.0947392082889564e-08,0.0,0.8833333333333333
5.13194748918977e-08,0.0,0.882962962962963
5.141347614312508e-08,0.0,0.8825925925925926
5.177484752039163e-08,0.0,0.8822222222222222
5.2321439625302446e-08,0.0,0.8818518518518519
5.235919076085338e-08,0.0,0.8814814814814815
5.265711777724391e-08,0.0,0.8811111111111111
5.301518513078918e-08,0.0,0.8807407407407407
5.316687534673292e-08,0.0,0.8803703703703704
5.319935070247084e-08,0.0,0.88
5.338721109637845e-08,0.0,0.8796296296296297
5.364758237647038e-08,0.0,0.8792592592592593
5.3672572164487065e-08,0.0,0.8788888888888889
5.496302435403777e-08,0.0,0.8785185185185185
5.548398718246972e-08,0.0,0.8781481481481481
5.6501299638966884e-08,0.0,0.8777777777777778
5.674002778732756e-08,0.0,0.8774074074074074
5.674882430639627e-08,0.0,0.8770370370370371
5.675029157714562e-08,0.0,0.8766666666666667
5.684600523636618e-08,0.0,0.8762962962962964
5.686797877046956e-08,0.0,0.8759259259259259
5.690770876753959e-08,0.0,0.8755555555555555
5.691833493415288e-08,0.0,0.8751851851851852
5.7062177205580156e-08,0.0,0.8748148148148148
5.7718310131349426e-08,0.0,0.8744444444444445
5.800323421567555e-08,0.0,0.8740740740740741
5.890606047387337e-08,0.0,0.8737037037037036
5.929717161734516e-08,0.0,0.8733333333333333
5.984873041597893e-08,0.0,0.8729629629629629
6.145491227016464e-08,0.0,0.8725925925925926
6.166882116076522e-08,0.0,0.8722222222222222
6.260978580030496e-08,0.0,0.8718518518518519
6.271884700481678e-08,0.0,0.8714814814814815
6.275835318092504e-08,0.0,0.8711111111111111
6.287433507168316e-08,0.0,0.8707407407407407
6.295098842201696e-08,0.0,0.8703703703703703
6.29589251843754e-08,0.0,0.87
6.323980983324873e-08,0.0,0.8696296296296296
6.493131365914451e-08,0.0,0.8692592592592593
6.527913853915379e-08,0.0,0.8688888888888889
6.535793772854959e-08,0.0,0.8685185185185185
6.594613211063916e-08,0.0,0.8681481481481481
6.698552823536374e-08,0.0,0.8677777777777778
6.748820169377723e-08,0.0,0.8674074074074074
6.749280601070495e-08,0.0,0.867037037037037
6.773980487650988e-08,0.0,0.8666666666666667
6.865548130008392e-08,0.0,0.8662962962962963
6.895953674757038e-08,0.0,0.8659259259259259
6.901399274283904e-08,0.0,0.8655555555555555
6.940088326246041e-08,0.0,0.8651851851851852
6.9938529634328e-08,0.0,0.8648148148148148
7.002604007766422e-08,0.0,0.8644444444444445
7.142740088283972e-08,0.0,0.8640740740740741
7.162319093367842e-08,0.0,0.8637037037037038
7.186534389802546e-08,0.0,0.8633333333333333
7.190199369233596e-08,0.0,0.8629629629629629
7.313568772815415e-08,0.0,0.8625925925925926
7.407489732713657e-08,0.0,0.8622222222222222
7.450127270658413e-08,0.0,0.8618518518518519
7.492226217209463e-08,0.0,0.8614814814814815
7.515168221061685e-08,0.0,0.8611111111111112
7.546608316033598e-08,0.0,0.8607407407407407
7.562772452729405e-08,0.0,0.8603703703703703
7.599422957582647e-08,0.0,0.86
7.700984383518517e-08,0.0,0.8596296296296296
7.703550863880082e-08,0.0,0.8592592592592593
7.741989804799232e-08,0.0,0.8588888888888889
7.762757547880028e-08,0.0,0.8585185185185186
7.932436574265012e-08,0.0,0.8581481481481481
7.956145964271855e-08,0.0,0.8577777777777778
7.983557992474744e-08,0.0,0.8574074074074074
8.006414731198674e-08,0.0,0.857037037037037
8.064981216193701e-08,0.0,0.8566666666666667
8.084192870683182e-08,0.0,0.8562962962962963
8.31385307265009e-08,0.0,0.855925925925926
8.440899534889468e-08,0.0,0.8555555555555555
8.442940213626571e-08,0.0,0.8551851851851852
8.443113586054096e-08,0.0,0.8548148148148148
8.489817560075608e-08,0.0,0.8544444444444445
8.521122651927726e-08,0.0,0.8540740740740741
8.553556085644232e-08,0.0,0.8537037037037037
8.57866382375505e-08,0.0,0.8533333333333334
8.709103838100418e-08,0.0,0.8529629629629629
8.777396942605264e-08,0.0,0.8525925925925926
8.831580089463387e-08,0.0,0.8522222222222222
8.881842461505585e-08,0.0,0.8518518518518519
9.028677538935881e-08,0.0,0.8514814814814815
9.152979885129753e-08,0.0,0.8511111111111112
9.171936454777097e-08,0.0,0.8507407407407407
9.227559871760604e-08,0.0,0.8503703703703703
9.246861765177528e-08,0.0,0.85
9.437042081117397e-08,0.0,0.8496296296296296
9.464029204764302e-08,0.0,0.8492592592592593
9.486919338996813e-08,0.0,0.8488888888888889
9.641286169426166e-08,0.0,0.8485185185185186
9.785102150772218e-08,0.0,0.8481481481481481
9.934186095961195e-08,0.0,0.8477777777777777
9.945937051725195e-08,0.0,0.8474074074074074
1.0018454332794136e-07,0.0,0.847037037037037
1.020549831309836e-07,0.0,0.8466666666666667
1.0317671694792807e-07,0.0,0.8462962962962963
1.0469858580108848e-07,0.0,0.845925925925926
1.0492535551520632e-07,0.0,0.8455555555555555
1.0551367068956097e-07,0.0,0.8451851851851852
1.066586889919563e-07,0.0,0.8448148148148148
1.0680378181859851e-07,0.0,0.8444444444444444
1.0738413891431264e-07,0.0,0.8440740740740741
1.0759399060589203e-07,0.0,0.8437037037037037
1.101460611607763e-07,0.0,0.8433333333333334
1.1088772566836269e-07,0.0,0.8429629629629629
1.1285700907137652e-07,0.0,0.8425925925925926
1.1560379675756849e-07,0.0,0.8422222222222222
1.1584647552354e-07,0.0,0.8418518518518519
1.1623232865076716e-07,0.0,0.8414814814814815
1.1650753606318176e-07,0.0,0.8411111111111111
1.1732687710264145e-07,0.0,0.8407407407407408
1.1744922545631198e-07,0.0,0.8403703703703703
1.1776953101616527e-07,0.0,0.84
1.1781412467826158e-07,0.0,0.8396296296296296
1.1839806290936394e-07,0.0,0.8392592592592593
1.1980176850556745e-07,0.0,0.8388888888888889
1.2114284686504107e-07,0.0,0.8385185185185186
1.2127466675337928e-07,0.0,0.8381481481481482
1.2132042570556223e-07,0.0,0.8377777777777777
1.2339010879713896e-07,0.0,0.8374074074074074
1.244551555146245e-07,0.0,0.837037037037037
1.276217176382488e-07,0.0,0.8366666666666667
1.278591525988304e-07,0.0,0.8362962962962963
1.281094768046387e-07,0.0,0.835925925925926
1.2856608577749284e-07,0.0,0.8355555555555556
1.304199344076551e-07,0.0,0.8351851851851851
1.3100674323140993e-07,0.0,0.8348148148148148
1.319094593554837e-07,0.0,0.8344444444444444
1.3234753737378924e-07,0.0,0.8340740740740741
1.33445155370282e-07,0.0,0.8337037037037037
1.3535193943425838e-07,0.0,0.8333333333333334
1.3573338719652384e-07,0.0,0.832962962962963
1.3832999457008555e-07,0.0,0.8325925925925926
1.3945073362719995e-07,0.0,0.8322222222222222
1.3970992540635052e-07,0.0,0.8318518518518518
1.3992517722272169e-07,0.0,0.8314814814814815
1.4090004185618454e-07,0.0,0.8311111111111111
1.4131278192053287e-07,0.0,0.8307407407407408
1.437278740468173e-07,0.0,0.8303703703703704
1.4452298557898757e-07,0.0,0.83
1.459857799090969e-07,0.0,0.8296296296296296
1.5032696865091566e-07,0.0,0.8292592592592593
1.508389004811761e-07,0.0,0.8288888888888889
1.5349942827924679e-07,0.0,0.8285185185185185
1.539413290174707e-07,0.0,0.8281481481481482
1.5488680560338253e-07,0.0,0.8277777777777777
1.5502455141813698e-07,0.0,0.8274074074074074
1.5608017633894633e-07,0.0,0.827037037037037
1.561013789341814e-07,0.0,0.8266666666666667
1.5834669397918333e-07,0.0,0.8262962962962963
1.583535009785919e-07,0.0,0.825925925925926
1.5868080538439244e-07,0.0,0.8255555555555556
1.593596152815735e-07,0.0,0.8251851851851851
1.5947752274314553e-07,0.0,0.8248148148148148
1.602176666892774e-07,0.0,0.8244444444444444
1.6050509543674707e-07,0.0,0.8240740740740741
1.612786775240238e-07,0.0,0.8237037037037037
1.6186004359042272e-07,0.0,0.8233333333333334
1.6324284501934017e-07,0.0,0.822962962962963
1.6335845032244833e-07,0.0,0.8225925925925925
1.6361030930056586e-07,0.0,0.8222222222222222
1.6475411257488304e-07,0.0,0.8218518518518518
1.6645154232719506e-07,0.0,0.8214814814814815
1.668990705638862e-07,0.0,0.8211111111111111
1.6702576033367222e-07,0.0,0.8207407407407408
1.681920025475847e-07,0.0,0.8203703703703704
1.6848068185026932e-07,0.0,0.82
1.7286559739204677e-07,0.0,0.8196296296296296
1.7425928433567606e-07,0.0,0.8192592592592592
1.766139945402756e-07,0.0,0.8188888888888889
1.7706264543448924e-07,0.0,0.8185185185185185
1.777638090061373e-07,0.0,0.8181481481481482
1.7789949424695806e-07,0.0,0.8177777777777778
1.816788426367566e-07,0.0,0.8174074074074074
1.827746132221364e-07,0.0,0.817037037037037
1.8838245807728526e-07,0.0,0.8166666666666667
1.8981035054821405e-07,0.0,0.8162962962962963
1.9086434122073115e-07,0.0,0.8159259259259259
1.9315865529279108e-07,0.0,0.8155555555555556
1.9388340888326638e-07,0.0,0.8151851851851852
1.9440936682713073e-07,0.0,0.8148148148148148
1.948350529801246e-07,0.0,0.8144444444444444
1.95517088741326e-07,0.0,0.8140740740740741
1.955290542809962e-07,0.0,0.8137037037037037
1.9604493672886747e-07,0.0,0.8133333333333334
2.00025823460237e-07,0.0,0.812962962962963
2.002374657195105e-07,0.0,0.8125925925925926
2.007070918352838e-07,0.0,0.8122222222222222
2.033350199326378e-07,0.0,0.8118518518518518
2.041510072103847e-07,0.0,0.8114814814814815
2.071670337500109e-07,0.0,0.8111111111111111
2.08334341778027e-07,0.0,0.8107407407407408
2.089672932470421e-07,0.0,0.8103703703703704
2.0940939293723204e-07,0.0,0.81
2.1017362428210618e-07,0.0,0.8096296296296296
2.113985999585566e-07,0.0,0.8092592592592592
2.1179707232477085e-07,0.0,0.8088888888888889
2.1246356141091383e-07,0.0,0.8085185185185185
2.1292427732078067e-07,0.0,0.8081481481481482
2.168327171148121e-07,0.0,0.8077777777777778
2.1732716959377285e-07,0.0,0.8074074074074075
2.19536048007285e-07,0.0,0.807037037037037
2.2020375922693347e-07,0.0,0.8066666666666666
2.2044061154247174e-07,0.0,0.8062962962962963
2.2166746305174456e-07,0.0,0.8059259259259259
2.2209995620414702e-07,0.0,0.8055555555555556
2.2443316538556246e-07,0.0,0.8051851851851852
2.2457214754467714e-07,0.0,0.8048148148148148
2.2459404647179326e-07,0.0,0.8044444444444444
2.2858861825625354e-07,0.0,0.804074074074074
2.3013186023490562e-07,0.0,0.8037037037037037
2.3104134072582383e-07,0.0,0.8033333333333333
2.3312156827159924e-07,0.0,0.802962962962963
2.3537171500720433e-07,0.0,0.8025925925925926
2.35998101061341e-07,0.0,0.8022222222222222
2.3660760462007602e-07,0.0,0.8018518518518518
2.3957704797794577e-07,0.0,0.8014814814814815
2.4201227688536164e-07,0.0,0.8011111111111111
2.452918863582454e-07,0.0,0.8007407407407408
2.4546329768782016e-07,0.0,0.8003703703703704
2.454644345561974e-07,0.0,0.8
2.471857101227215e-07,0.0,0.7996296296296296
2.489271651029412e-07,0.0,0.7992592592592592
2.501131461940531e-07,0.0,0.7988888888888889
2.5359202027175343e-07,0.0,0.7985185185185185
2.582530100880831e-07,0.0,0.7981481481481482
2.591261250017851e-07,0.0,0.7977777777777778
2.619216274979408e-07,0.0,0.7974074074074075
2.659367055457551e-07,0.0,0.797037037037037
2.660352436123503e-07,0.0,0.7966666666666666
2.6626693738762697e-07,0.0,0.7962962962962963
2.681415480765281e-07,0.0,0.7959259259259259
2.72984806315435e-07,0.0,0.7955555555555556
2.752000227701501e-07,0.0,0.7951851851851852
2.7528409418664523e-07,0.0,0.7948148148148149
2.760180848326854e-07,0.0,0.7944444444444444
2.833385224221274e-07,0.0,0.794074074074074
2.841390482899442e-07,0.0,0.7937037037037037
2.8587399469870434e-07,0.0,0.7933333333333333
2.8829961706833274e-07,0.0,0.792962962962963
2.8970546850359824e-07,0.0,0.7925925925925926
2.897648982980172e-07,0.0,0.7922222222222223
2.907460441292642e-07,0.0,0.7918518518518518
2.909732188527414e-07,0.0,0.7914814814814815
2.937543399639253e-07,0.0,0.7911111111111111
2.9376693078120297e-07,0.0,0.7907407407407407
2.939150363090448e-07,0.0,0.7903703703703704
2.9488407449207443e-07,0.0,0.79
2.9897694275859976e-07,0.0,0.7896296296296297
2.9930839673397713e-07,0.0,0.7892592592592592
3.015695710928412e-07,0.0,0.7888888888888889
3.036976465864427e-07,0.0,0.7885185185185185
3.04083243918285e-07,0.0,0.7881481481481482
3.0426508601522073e-07,0.0,0.7877777777777778
3.047439349757042e-07,0.0,0.7874074074074074
3.050286920824874e-07,0.0,0.7870370370370371
3.068666956096422e-07,0.0,0.7866666666666666
3.072092340516974e-07,0.0,0.7862962962962963
3.095348972692591e-07,0.0,0.7859259259259259
3.0984210752649233e-07,0.0,0.7855555555555556
3.1493942742599756e-07,0.0,0.7851851851851852
3.170596869495057e-07,0.0,0.7848148148148149
3.184857177984668e-07,0.0,0.7844444444444445
3.253014710935531e-07,0.0,0.784074074074074
3.2603989552626444e-07,0.0,0.7837037037037037
3.2683149697732006e-07,0.0,0.7833333333333333
3.2865921184566105e-07,0.0,0.782962962962963
3.2985212783387396e-07,0.0,0.7825925925925926
3.323820862988214e-07,0.0,0.7822222222222223
3.374187258486927e-07,0.0,0.7818518518518518
3.3786486142162175e-07,0.0,0.7814814814814814
3.4337961096753133e-07,0.0,0.7811111111111111
3.437688178564713e-07,0.0,0.7807407407407407
3.4442817309354723e-07,0.0,0.7803703703703704
3.491858251436497e-07,0.0,0.78
3.497676175356901e-07,0.0,0.7796296296296297
3.529091259224515e-07,0.0,0.7792592592592592
3.564959456525685e-07,0.0,0.7788888888888889
3.661638743324147e-07,0.0,0.7785185185185185
3.6702135730593e-07,0.0,0.7781481481481481
3.698984869515698e-07,0.0,0.7777777777777778
3.699622652675316e-07,0.0,0.7774074074074074
3.729786612893804e-07,0.0,0.7770370370370371
3.7362286775532993e-07,0.0,0.7766666666666666
3.7425618870656763e-07,0.0,0.7762962962962963
3.778930306452821e-07,0.0,0.7759259259259259
3.804012749242247e-07,0.0,0.7755555555555556
3.8454558648481907e-07,0.0,0.7751851851851852
3.8503037558257347e-07,0.0,0.7748148148148148
3.852877341614658e-07,0.0,0.7744444444444445
3.866970814669912e-07,0.0,0.774074074074074
3.8675000268995063e-07,0.0,0.7737037037037037
3.8901225707377307e-07,0.0,0.7733333333333333
3.8908271449145104e-07,0.0,0.772962962962963
3.9175486676867877e-07,0.0,0.7725925925925926
3.918975721717288e-07,0.0,0.7722222222222223
3.930790626327507e-07,0.0,0.7718518518518519
3.962801997658971e-07,0.0,0.7714814814814814
3.9929307149577653e-07,0.0,0.7711111111111111
4.002185960416682e-07,0.0,0.7707407407407407
4.005825076092151e-07,0.0,0.7703703703703704
4.0165366499422817e-07,0.0,0.77
4.018862682642066e-07,0.0,0.7696296296296297
4.0472093587595737e-07,0.0,0.7692592592592593
4.111986982024973e-07,0.0,0.7688888888888888
4.1374968873242324e-07,0.0,0.7685185185185185
4.168083194144856e-07,0.0,0.7681481481481481
4.1837165554170497e-07,0.0,0.7677777777777778
4.2078147544089006e-07,0.0,0.7674074074074074
4.2770233221745e-07,0.0,0.7670370370370371
4.3113448100484675e-07,0.0,0.7666666666666667
4.3212162381678354e-07,0.0,0.7662962962962963
4.4220121253601974e-07,0.0,0.7659259259259259
4.4382767327988404e-07,0.0,0.7655555555555555
4.4450206360124866e-07,0.0,0.7651851851851852
4.500691943576385e-07,0.0,0.7648148148148148
4.525015810941113e-07,0.0,0.7644444444444445
4.5266352799444576e-07,0.0,0.7640740740740741
4.571321028379316e-07,0.0,0.7637037037037037
4.598368832375854e-07,0.0,0.7633333333333333
4.612541033566231e-07,0.0,0.762962962962963
4.6155358290889126e-07,0.0,0.7625925925925926
4.6450531954178587e-07,0.0,0.7622222222222222
4.662673518396332e-07,0.0,0.7618518518518519
4.670316400279262e-07,0.0,0.7614814814814815
4.702628757513594e-07,0.0,0.7611111111111111
4.705784704128746e-07,0.0,0.7607407407407407
4.7185892526613316e-07,0.0,0.7603703703703704
4.870895509156981e-07,0.0,0.76
4.875760168943089e-07,0.0,0.7596296296296297
4.916968237012043e-07,0.0,0.7592592592592593
4.919013463222655e-07,0.0,0.7588888888888888
4.934920525556663e-07,0.0,0.7585185185185185
4.937729158882576e-07,0.0,0.7581481481481481
4.973822456122434e-07,0.0,0.7577777777777778
4.998946678824723e-07,0.0,0.7574074074074074
5.100789053358312e-07,0.0,0.7570370370370371
5.122150810166204e-07,0.0,0.7566666666666667
5.138970777807117e-07,0.0,0.7562962962962962
5.15304236614611e-07,0.0,0.7559259259259259
5.153775646249414e-07,0.0,0.7555555555555555
5.165388188288489e-07,0.0,0.7551851851851852
5.187505394133041e-07,0.0,0.7548148148148148
5.189948524275678e-07,0.0,0.7544444444444445
5.254523216535745e-07,0.0,0.7540740740740741
5.280074333313678e-07,0.0,0.7537037037037037
5.306625325829373e-07,0.0,0.7533333333333333
5.314963118507876e-07,0.0,0.752962962962963
5.330842896000831e-07,0.0,0.7525925925925926
5.336107733455719e-07,0.0,0.7522222222222222
5.358194812288275e-07,0.0,0.7518518518518519
5.369373639041441e-07,0.0,0.7514814814814815
5.427783094091865e-07,0.0,0.7511111111111111
5.446306658996036e-07,0.0,0.7507407407407407
5.451022389024729e-07,0.0,0.7503703703703704
5.468343715619994e-07,0.0,0.75
5.540020993066719e-07,0.0,0.7496296296296296
5.561581133406435e-07,0.0,0.7492592592592593
5.581964046541543e-07,0.0,0.7488888888888889
5.638880793412682e-07,0.0,0.7485185185185185
5.674361318597221e-07,0.0,0.7481481481481481
5.766678441432305e-07,0.0,0.7477777777777778
5.778771310360753e-07,0.0,0.7474074074074074
5.847240345246973e-07,0.0,0.747037037037037
5.848249884365941e-07,0.0,0.7466666666666667
5.880118578716065e-07,0.0,0.7462962962962963
5.90098466091149e-07,0.0,0.7459259259259259
5.934249429628835e-07,0.0,0.7455555555555555
5.967844458609761e-07,0.0,0.7451851851851852
5.985424422760843e-07,0.0,0.7448148148148148
5.999488621455384e-07,0.0,0.7444444444444445
6.029763426340651e-07,0.0,0.7440740740740741
6.058827466404182e-07,0.0,0.7437037037037038
6.124105311755557e-07,0.0,0.7433333333333333
6.18349872638646e-07,0.0,0.7429629629629629
6.215020107447344e-07,0.0,0.7425925925925926
6.231146016943967e-07,0.0,0.7422222222222222
6.278453383856686e-07,0.0,0.7418518518518519
6.310822300292784e-07,0.0,0.7414814814814815
6.362017757055582e-07,0.0,0.7411111111111112
6.407245791706373e-07,0.0,0.7407407407407407
6.408426997950301e-07,0.0,0.7403703703703703
6.456883170358196e-07,0.0,0.74
6.474998599514947e-07,0.0,0.7396296296296296
6.497603521893325e-07,0.0,0.7392592592592593
6.513839707622537e-07,0.0,0.7388888888888889
6.535743750646361e-07,0.0,0.7385185185185185
6.541276889038272e-07,0.0,0.7381481481481481
6.546925988004659e-07,0.0,0.7377777777777778
6.673269581369823e-07,0.0,0.7374074074074074
6.68481561660883e-07,0.0,0.737037037037037
6.740162916685222e-07,0.0,0.7366666666666667
6.741926199538284e-07,0.0,0.7362962962962963
6.849317060186877e-07,0.0,0.7359259259259259
6.863731414341601e-07,0.0,0.7355555555555555
6.868702939755167e-07,0.0,0.7351851851851852
6.888548114147852e-07,0.0,0.7348148148148148
6.937161742825992e-07,0.0,0.7344444444444445
7.001555673014082e-07,0.0,0.7340740740740741
7.044968697300646e-07,0.0,0.7337037037037037
7.057536777210771e-07,0.0,0.7333333333333333
7.085916422511218e-07,0.0,0.7329629629629629
7.091746283549583e-07,0.0,0.7325925925925926
7.124363037291914e-07,0.0,0.7322222222222222
7.13114388872782e-07,0.0,0.7318518518518519
7.163473583204905e-07,0.0,0.7314814814814815
7.190329824879882e-07,0.0,0.7311111111111112
7.270811011039768e-07,0.0,0.7307407407407407
7.272346351783199e-07,0.0,0.7303703703703703
7.362003771049785e-07,0.0,0.73
7.375173254331457e-07,0.0,0.7296296296296296
7.379014164143882e-07,0.0,0.7292592592592593
7.39534641525097e-07,0.0,0.7288888888888889
7.451610599673586e-07,0.0,0.7285185185185186
7.464839200110873e-07,0.0,0.7281481481481481
7.501636218876229e-07,0.0,0.7277777777777777
7.529238814640848e-07,0.0,0.7274074074074074
7.535119266321999e-07,0.0,0.727037037037037
7.696118018429843e-07,0.0,0.7266666666666667
7.701565323259274e-07,0.0,0.7262962962962963
7.839674935894436e-07,0.0,0.725925925925926
7.869300588936312e-07,0.0,0.7255555555555555
7.935585131235712e-07,0.0,0.7251851851851852
8.019624146982096e-07,0.0,0.7248148148148148
8.046158654906321e-07,0.0,0.7244444444444444
8.053372084759758e-07,0.0,0.7240740740740741
8.071613137872191e-07,0.0,0.7237037037037037
8.098721195892722e-07,0.0,0.7233333333333334
8.162414246726257e-07,0.0,0.7229629629629629
8.197399665732519e-07,0.0,0.7225925925925926
8.198225032174378e-07,0.0,0.7222222222222222
8.230738330894383e-07,0.0,0.7218518518518519
8.330044920512591e-07,0.0,0.7214814814814815
8.395256827498088e-07,0.0,0.7211111111111111
8.428719411313068e-07,0.0,0.7207407407407408
8.457014928353601e-07,0.0,0.7203703703703703
8.54959125717869e-07,0.0,0.72
8.560471087548649e-07,0.0,0.7196296296296296
8.579544896747393e-07,0.0,0.7192592592592593
8.660215371492086e-07,0.0,0.7188888888888889
8.763960863689135e-07,0.0,0.7185185185185186
8.822592008073116e-07,0.0,0.7181481481481482
8.824709993859869e-07,0.0,0.7177777777777777
8.843927616908331e-07,0.0,0.7174074074074074
9.044725857165758e-07,0.0,0.717037037037037
9.158852662949357e-07,0.0,0.7166666666666667
9.171435522148386e-07,0.0,0.7162962962962963
9.337543360743439e-07,0.0,0.715925925925926
9.344981890535564e-07,0.0,0.7155555555555555
9.368117162011913e-07,0.0,0.7151851851851851
9.450393463339424e-07,0.0,0.7148148148148148
9.553100426273886e-07,0.0,0.7144444444444444
9.603103308108984e-07,0.0,0.7140740740740741
9.669521432442707e-07,0.0,0.7137037037037037
9.68591280070541e-07,0.0,0.7133333333333334
9.825057531998027e-07,0.0,0.7129629629629629
9.835566743277013e-07,0.0,0.7125925925925926
9.879724984784843e-07,0.0,0.7122222222222222
9.930049600370694e-07,0.0,0.7118518518518518
9.966081506718183e-07,0.0,0.7114814814814815
9.968182439479278e-07,0.0,0.7111111111111111
1.0015601219492964e-06,0.0,0.7107407407407408
1.014056351777981e-06,0.0,0.7103703703703703
1.0208137837253162e-06,0.0,0.71
1.0321903118892806e-06,0.0,0.7096296296296296
1.0325881021344685e-06,0.0,0.7092592592592593
1.0360408850829117e-06,0.0,0.7088888888888889
1.0377684702689294e-06,0.0,0.7085185185185185
1.0421406386740273e-06,0.0,0.7081481481481482
1.046672196025611e-06,0.0,0.7077777777777777
1.0565610182311502e-06,0.0,0.7074074074074074
1.0594237664918182e-06,0.0,0.707037037037037
1.0671086556612863e-06,0.0,0.7066666666666667
1.0712195717133e-06,0.0,0.7062962962962963
1.074803890332987e-06,0.0,0.705925925925926
1.0755495623016031e-06,0.0,0.7055555555555556
1.084291056940856e-06,0.0,0.7051851851851851
1.0933699741144665e-06,0.0,0.7048148148148148
1.0958624443446752e-06,0.0,0.7044444444444444
1.0990399914589943e-06,0.0,0.7040740740740741
1.1021439831893076e-06,0.0,0.7037037037037037
1.12379211714142e-06,0.0,0.7033333333333334
1.1283917729087989e-06,0.0,0.702962962962963
1.1445214340710663e-06,0.0,0.7025925925925925
1.1509230262163328e-06,0.0,0.7022222222222222
1.1515735423017759e-06,0.0,0.7018518518518518
1.1600228617680841e-06,0.0,0.7014814814814815
1.170501946035074e-06,0.0,0.7011111111111111
1.1708091278705979e-06,0.0,0.7007407407407408
1.1726345974238939e-06,0.0,0.7003703703703704
1.1738311513909139e-06,0.0,0.7
1.1864196949318284e-06,0.0,0.6996296296296296
1.1945885489694774e-06,0.0,0.6992592592592592
1.2022093187624705e-06,0.0,0.6988888888888889
1.2172035894764122e-06,0.0,0.6985185185185185
1.2210076647534152e-06,0.0,0.6981481481481482
1.224615743922186e-06,0.0,0.6977777777777778
1.2247312497493112e-06,0.0,0.6974074074074074
1.2277384939807234e-06,0.0,0.697037037037037
1.2298121419007657e-06,0.0,0.6966666666666667
1.2340556168055627e-06,0.0,0.6962962962962963
1.2377706752886297e-06,0.0,0.695925925925926
1.2467445458241855e-06,0.0,0.6955555555555556
1.2494406291807536e-06,0.0,0.6951851851851852
1.2684670309681678e-06,0.0,0.6948148148148148
1.270034772460349e-06,0.0,0.6944444444444444
1.2715934190055123e-06,0.0,0.6940740740740741
1.2763468930643285e-06,0.0,0.6937037037037037
1.2836337646149332e-06,0.0,0.6933333333333334
1.2852532336182776e-06,0.0,0.692962962962963
1.285258349525975e-06,0.0,0.6925925925925925
1.2857228739449056e-06,0.0,0.6922222222222222
1.2858363334089518e-06,0.0,0.6918518518518518
1.2947035656907246e-06,0.0,0.6914814814814815
1.312496578975697e-06,0.0,0.6911111111111111
1.3274312777866726e-06,0.0,0.6907407407407408
1.3301247463459731e-06,0.0,0.6903703703703704
1.3304215826792642e-06,0.0,0.69
1.334717467216251e-06,0.0,0.6896296296296296
1.3446735920297215e-06,0.0,0.6892592592592592
1.361331669613719e-06,0.0,0.6888888888888889
1.3739537507717614e-06,0.0,0.6885185185185185
1.3739634141529677e-06,0.0,0.6881481481481482
1.377311605210707e-06,0.0,0.6877777777777778
1.379017817271233e-06,0.0,0.6874074074074074
1.3799564158034627e-06,0.0,0.687037037037037
1.3858701777280658e-06,0.0,0.6866666666666666
1.3871369901607977e-06,0.0,0.6862962962962963
1.389563067277777e-06,0.0,0.6859259259259259
1.3901815236749826e-06,0.0,0.6855555555555556
1.4001400359120453e-06,0.0,0.6851851851851852
1.4026613825990353e-06,0.0,0.6848148148148148
1.4058447277420782e-06,0.0,0.6844444444444444
1.413613063050434e-06,0.0,0.6840740740740741
1.420267608409631e-06,0.0,0.6837037037037037
1.426321887265658e-06,0.0,0.6833333333333333
1.463751686969772e-06,0.0,0.682962962962963
1.4704351087857503e-06,0.0,0.6825925925925926
1.4798963547946187e-06,0.0,0.6822222222222222
1.486237124481704e-06,0.0,0.6818518518518518
1.495230549153348e-06,0.0,0.6814814814814815
1.4985666894062888e-06,0.0,0.6811111111111111
1.5090038232301595e-06,0.0,0.6807407407407408
1.5160458133323118e-06,0.0,0.6803703703703704
1.5299651749955956e-06,0.0,0.68
1.5392701016025967e-06,0.0,0.6796296296296296
1.543930466141319e-06,0.0,0.6792592592592592
1.5493106957364944e-06,0.0,0.6788888888888889
1.5555867776129162e-06,0.0,0.6785185185185185
1.5594683873132453e-06,0.0,0.6781481481481482
1.5709431409050012e-06,0.0,0.6777777777777778
1.5809811202416313e-06,0.0,0.6774074074074075
1.603060809429735e-06,0.0,0.677037037037037
1.6174564052562346e-06,0.0,0.6766666666666666
1.6187423170777038e-06,0.0,0.6762962962962963
1.6212177342822542e-06,0.0,0.6759259259259259
1.6271661706923624e-06,0.0,0.6755555555555556
1.6396196542700636e-06,0.0,0.6751851851851852
1.6401656921516405e-06,0.0,0.6748148148148149
1.6657725154800573e-06,0.0,0.6744444444444444
1.7508252767584054e-06,0.0,0.674074074074074
1.7539448435854865e-06,0.0,0.6737037037037037
1.7540828594064806e-06,0.0,0.6733333333333333
1.7662819118413609e-06,0.0,0.672962962962963
1.7816421404859284e-06,0.0,0.6725925925925926
1.807302169254399e-06,0.0,0.6722222222222223
1.8166588233725633e-06,0.0,0.6718518518518518
1.8398800420982298e-06,0.0,0.6714814814814815
1.842518940975424e-06,0.0,0.6711111111111111
1.8425243979436345e-06,0.0,0.6707407407407407
1.8524268625697005e-06,0.0,0.6703703703703704
1.8535256458562799e-06,0.0,0.67
1.8553496374806855e-06,0.0,0.6696296296296296
1.8599471331981476e-06,0.0,0.6692592592592592
1.867710693659319e-06,0.0,0.6688888888888889
1.8732287117018132e-06,0.0,0.6685185185185185
1.8781672679324402e-06,0.0,0.6681481481481482
1.9004810383194126e-06,0.0,0.6677777777777778
1.9188496480637696e-06,0.0,0.6674074074074074
1.922032879519975e-06,0.0,0.667037037037037
1.9295039237476885e-06,0.0,0.6666666666666666
1.931819724632078e-06,0.0,0.6662962962962963
1.9577071270759916e-06,0.0,0.6659259259259259
1.9804087969532702e-06,0.0,0.6655555555555556
1.987100176847889e-06,0.0,0.6651851851851852
1.9931799215555657e-06,0.0,0.6648148148148149
1.9996732589788735e-06,0.0,0.6644444444444444
2.0051186311320635e-06,0.0,0.664074074074074
2.0108409444219433e-06,0.0,0.6637037037037037
2.0142458652117057e-06,0.0,0.6633333333333333
2.0293878151278477e-06,0.0,0.662962962962963
2.0336726720415754e-06,0.0,0.6625925925925926
2.0444676920305938e-06,0.0,0.6622222222222223
2.0608695194823667e-06,0.0,0.6618518518518518
2.0679390217992477e-06,0.0,0.6614814814814814
2.0697832496807678e-06,0.0,0.6611111111111111
2.0704881080746418e-06,0.0,0.6607407407407407
2.0777631561941234e-06,0.0,0.6603703703703704
2.0829961613344494e-06,0.0,0.66
2.0944107745890506e-06,0.0,0.6596296296296297
2.1055006982351188e-06,0.0,0.6592592592592592
2.112684796884423e-06,0.0,0.6588888888888889
2.1250029931252357e-06,0.0,0.6585185185185185
2.134171836587484e-06,0.0,0.6581481481481481
2.1705338895117166e-06,0.0,0.6577777777777778
2.1953846953692846e-06,0.0,0.6574074074074074
2.1988503249303903e-06,0.0,0.6570370370370371
2.2168046598380897e-06,0.0,0.6566666666666666
2.2464246285380796e-06,0.0,0.6562962962962963
2.294743808306521e-06,0.0,0.6559259259259259
2.3225281893246574e-06,0.0,0.6555555555555556
2.344063204873237e-06,0.0,0.6551851851851852
2.3516931833000854e-06,0.0,0.6548148148148148
2.361489123359206e-06,0.0,0.6544444444444445
2.376511474722065e-06,0.0,0.654074074074074
2.3775808131176746e-06,0.0,0.6537037037037037
2.3940519895404577e-06,0.0,0.6533333333333333
2.3973341285454808e-06,0.0,0.652962962962963
2.3980910555110313e-06,0.0,0.6525925925925926
2.4201149244618136e-06,0.0,0.6522222222222223
2.424042122584069e-06,0.0,0.6518518518518519
2.4420075988018652e-06,0.0,0.6514814814814814
2.451725094942958e-06,0.0,0.6511111111111111
2.4527062123524956e-06,0.0,0.6507407407407407
2.477413545420859e-06,0.0,0.6503703703703704
2.4933585791586665e-06,0.0,0.65
2.496482920832932e-06,0.0,0.6496296296296297
2.5000172172440216e-06,0.0,0.6492592592592593
2.504457825125428e-06,0.0,0.6488888888888888
2.507629687897861e-06,0.0,0.6485185185185185
2.5117460609180853e-06,0.0,0.6481481481481481
2.5117599307122873e-06,0.0,0.6477777777777778
2.522020622564014e-06,0.0,0.6474074074074074
2.572359790065093e-06,0.0,0.6470370370370371
2.5806330086197704e-06,0.0,0.6466666666666666
2.622515467010089e-06,0.0,0.6462962962962963
2.62257481153938e-06,0.0,0.6459259259259259
2.627592493809061e-06,0.0,0.6455555555555555
2.6396755856694654e-06,0.0,0.6451851851851852
2.6626853468769696e-06,0.0,0.6448148148148148
2.665183274075389e-06,0.0,0.6444444444444445
2.6693383006204385e-06,0.0,0.644074074074074
2.6711259124567732e-06,0.0,0.6437037037037037
2.6730704121291637e-06,0.0,0.6433333333333333
2.6764596441353206e-06,0.0,0.642962962962963
2.690589099074714e-06,0.0,0.6425925925925926
2.700986897252733e-06,0.0,0.6422222222222222
2.7060345928475726e-06,0.0,0.6418518518518519
2.708128249651054e-06,0.0,0.6414814814814814
2.7089627110399306e-06,0.0,0.6411111111111111
2.7266694360150723e-06,0.0,0.6407407407407407
2.7285009309707675e-06,0.0,0.6403703703703704
2.729769903453416e-06,0.0,0.64
2.737822796916589e-06,0.0,0.6396296296296297
2.7820483410323504e-06,0.0,0.6392592592592593
2.790421604004223e-06,0.0,0.6388888888888888
2.7940236577705946e-06,0.0,0.6385185185185185
2.7969790608040057e-06,0.0,0.6381481481481481
2.8009715151711134e-06,0.0,0.6377777777777778
2.811843160088756e-06,0.0,0.6374074074074074
2.8194426704430953e-06,0.0,0.6370370370370371
2.821363068505889e-06,0.0,0.6366666666666667
2.8217959879839327e-06,0.0,0.6362962962962962
2.8274582746234955e-06,0.0,0.6359259259259259
2.8309279969107592e-06,0.0,0.6355555555555555
2.8358431336528156e-06,0.0,0.6351851851851852
2.838793534465367e-06,0.0,0.6348148148148148
2.8463148282753536e-06,0.0,0.6344444444444445
2.852206762327114e-06,0.0,0.6340740740740741
2.852395027730381e-06,0.0,0.6337037037037037
2.875288146242383e-06,0.0,0.6333333333333333
2.876491180359153e-06,0.0,0.632962962962963
2.922238081737305e-06,0.0,0.6325925925925926
2.9399425329756923e-06,0.0,0.6322222222222222
2.9419381917250575e-06,0.0,0.6318518518518519
2.9452444323396776e-06,0.0,0.6314814814814815
3.0070198135945247e-06,0.0,0.6311111111111111
3.007362693097093e-06,0.0,0.6307407407407407
3.0093369787209667e-06,0.0,0.6303703703703704
3.0178987344697816e-06,0.0,0.63
3.043524884560611e-06,0.0,0.6296296296296297
3.0519581741828006e-06,0.0,0.6292592592592593
3.057922413063352e-06,0.0,0.6288888888888889
3.0830592550046276e-06,0.0,0.6285185185185185
3.107707698291051e-06,0.0,0.6281481481481481
3.116978859907249e-06,0.0,0.6277777777777778
3.1794927508599358e-06,0.0,0.6274074074074074
3.181243300787173e-06,0.0,0.6270370370370371
3.1884073905530386e-06,0.0,0.6266666666666667
3.197526439180365e-06,0.0,0.6262962962962964
3.210389650121215e-06,0.0,0.6259259259259259
3.239164925616933e-06,0.0,0.6255555555555555
3.2622106118651573e-06,0.0,0.6251851851851852
3.271675723226508e-06,0.0,0.6248148148148148
3.3263170280406484e-06,0.0,0.6244444444444445
3.3287051337538287e-06,0.0,0.6240740740740741
3.333031827423838e-06,0.0,0.6237037037037036
3.335792825964745e-06,0.0,0.6233333333333333
3.3393635021639057e-06,0.0,0.6229629629629629
3.3442629501223564e-06,0.0,0.6225925925925926
3.3804055874497863e-06,0.0,0.6222222222222222
3.4000297546299407e-06,0.0,0.6218518518518519
3.4068955301336246e-06,0.0,0.6214814814814815
3.4151735235354863e-06,0.0,0.6211111111111111
3.416860181459924e-06,0.0,0.6207407407407407
3.4366053114354145e-06,0.0,0.6203703703703703
3.4419072107993998e-06,0.0,0.62
3.4839690670196433e-06,0.0,0.6196296296296296
3.50849609276338e-06,0.0,0.6192592592592593
3.509248472255422e-06,0.0,0.6188888888888889
3.5456746445561294e-06,0.0,0.6185185185185185
3.5624852898763493e-06,0.0,0.6181481481481481
3.5729099181480706e-06,0.0,0.6177777777777778
3.573231879272498e-06,0.0,0.6174074074074074
3.6037922654941212e-06,0.0,0.617037037037037
3.605118308769306e-06,0.0,0.6166666666666667
3.6356384498503758e-06,0.0,0.6162962962962963
3.6639887639466906e-06,0.0,0.6159259259259259
3.6960018405807205e-06,0.0,0.6155555555555555
3.696384283102816e-06,0.0,0.6151851851851852
3.7021213756815996e-06,0.0,0.6148148148148148
3.716172386702965e-06,0.0,0.6144444444444445
3.7605509533022996e-06,0.0,0.6140740740740741
3.7698687265219633e-06,0.0,0.6137037037037038
3.7937322758807568e-06,0.0,0.6133333333333333
3.8129703625600087e-06,0.0,0.6129629629629629
3.82691678169067e-06,0.0,0.6125925925925926
3.9041060517774895e-06,0.0,0.6122222222222222
3.915856268577045e-06,0.0,0.6118518518518519
3.9306851249421015e-06,0.0,0.6114814814814815
3.9361043491226155e-06,0.0,0.6111111111111112
3.942143848689739e-06,0.0,0.6107407407407407
3.944755007978529e-06,0.0,0.6103703703703703
3.958974048146047e-06,0.0,0.61
3.99047348764725e-06,0.0,0.6096296296296296
4.038779479742516e-06,0.0,0.6092592592592593
4.0686004467715975e-06,0.0,0.6088888888888889
4.0890754462452605e-06,0.0,0.6085185185185186
4.1002303987625055e-06,0.0,0.6081481481481481
4.108288067072863e-06,0.0,0.6077777777777778
4.11052860727068e-06,0.0,0.6074074074074074
4.131135938223451e-06,0.0,0.607037037037037
4.1375160435563885e-06,0.0,0.6066666666666667
4.153566351305926e-06,0.0,0.6062962962962963
4.1587641135265585e-06,0.0,0.605925925925926
4.166015969531145e-06,0.0,0.6055555555555555
4.192521373624913e-06,0.0,0.6051851851851852
4.213907232042402e-06,0.0,0.6048148148148148
4.21838467445923e-06,0.0,0.6044444444444445
4.221156814310234e-06,0.0,0.6040740740740741
4.228832494845847e-06,0.0,0.6037037037037037
4.241078386257868e-06,0.0,0.6033333333333334
4.263632945367135e-06,0.0,0.6029629629629629
4.2756701077451e-06,0.0,0.6025925925925926
4.278957476344658e-06,0.0,0.6022222222222222
4.289559910830576e-06,0.0,0.6018518518518519
4.308054940338479e-06,0.0,0.6014814814814815
4.311557859182358e-06,0.0,0.6011111111111112
4.338677172199823e-06,0.0,0.6007407407407407
4.363083007774549e-06,0.0,0.6003703703703703
4.372638613858726e-06,0.0,0.6
4.373041520011611e-06,0.0,0.5996296296296296
4.378779522085097e-06,0.0,0.5992592592592593
4.434540642250795e-06,0.0,0.5988888888888889
4.473887202038895e-06,0.0,0.5985185185185186
4.474542038224172e-06,0.0,0.5981481481481481
4.495283519645454e-06,0.0,0.5977777777777777
4.5130746002541855e-06,0.0,0.5974074074074074
4.514039119385416e-06,0.0,0.597037037037037
4.520743459579535e-06,0.0,0.5962962962962963
4.524350515566766e-06,0.0,0.595925925925926
4.569785232888535e-06,0.0,0.5955555555555555
4.570987130136928e-06,0.0,0.5951851851851852
4.573272235575132e-06,0.0,0.5948148148148148
4.582484052662039e-06,0.0,0.5944444444444444
4.623663699021563e-06,0.0,0.5940740740740741
4.675655418395763e-06,0.0,0.5937037037037037
4.708113920059986e-06,0.0,0.5933333333333334
4.7520838961645495e-06,0.0,0.5929629629629629
4.796013854502235e-06,0.0,0.5925925925925926
4.796470420842525e-06,0.0,0.5922222222222222
4.810473910765722e-06,0.0,0.5918518518518519
4.819196419703076e-06,0.0,0.5914814814814815
4.847740001423517e-06,0.0,0.5911111111111111
4.868054929829668e-06,0.0,0.5907407407407408
4.868266842095181e-06,0.0,0.5903703703703703
4.886661372438539e-06,0.0,0.59
4.891588105238043e-06,0.0,0.5896296296296296
4.928588168695569e-06,0.0,0.5892592592592593
4.956671091349563e-06,0.0,0.5888888888888889
4.971244379703421e-06,0.0,0.5885185185185186
4.980540325050242e-06,0.0,0.5881481481481482
4.985075975127984e-06,0.0,0.5877777777777777
5.014777343603782e-06,0.0,0.5874074074074074
5.0282387746847235e-06,0.0,0.587037037037037
5.033128218201455e-06,0.0,0.5866666666666667
5.058886017650366e-06,0.0,0.5862962962962963
5.06738342664903e-06,0.0,0.585925925925926
5.06805008626543e-06,0.0,0.5855555555555556
5.075538865639828e-06,0.0,0.5851851851851851
5.0826038204832e-06,0.0,0.5848148148148148
5.083683390694205e-06,0.0,0.5844444444444444
5.096439508633921e-06,0.0,0.5840740740740741
5.112551662023179e-06,0.0,0.5837037037037037
5.214091288507916e-06,0.0,0.5833333333333334
5.224795131653082e-06,0.0,0.582962962962963
5.295948540151585e-06,0.0,0.5825925925925926
5.3126159400562756e-06,0.0,0.5822222222222222
5.351293566491222e-06,0.0,0.5818518518518518
5.351743311621249e-06,0.0,0.5814814814814815
5.3905960157862864e-06,0.0,0.5811111111111111
5.431375939224381e-06,0.0,0.5807407407407408
5.448363481264096e-06,0.0,0.5803703703703704
5.471782969834749e-06,0.0,0.58
5.507232799573103e-06,0.0,0.5796296296296296
5.5146647355286404e-06,0.0,0.5792592592592593
5.518798388948198e-06,0.0,0.5788888888888889
5.564636467170203e-06,0.0,0.5785185185185185
5.572127520281356e-06,0.0,0.5781481481481482
5.584916834777687e-06,0.0,0.5777777777777777
5.647772468364565e-06,0.0,0.5774074074074074
5.651539595419308e-06,0.0,0.577037037037037
5.673553459928371e-06,0.0,0.5766666666666667
5.678245088347467e-06,0.0,0.5762962962962963
5.69112808079808e-06,0.0,0.575925925925926
5.772758413513657e-06,0.0,0.5755555555555556
5.791021976619959e-06,0.0,0.5751851851851851
5.818867066409439e-06,0.0,0.5748148148148148
5.869080268894322e-06,0.0,0.5744444444444444
5.930646693741437e-06,0.0,0.5740740740740741
5.933437023486476e-06,0.0,0.5737037037037037
5.947593763266923e-06,0.0,0.5733333333333334
5.9510957726160996e-06,0.0,0.572962962962963
5.960040653008036e-06,0.0,0.5725925925925925
5.978527951810975e-06,0.0,0.5722222222222222
5.981065442028921e-06,0.0,0.5718518518518518
6.007372576277703e-06,0.0,0.5714814814814815
6.031484190316405e-06,0.0,0.5711111111111111
6.041891538188793e-06,0.0,0.5707407407407408
6.059586667106487e-06,0.0,0.5703703703703704
6.071301868360024e-06,0.0,0.57
6.155821210995782e-06,0.0,0.5696296296296296
6.159398708405206e-06,0.0,0.5692592592592592
6.173477686388651e-06,0.0,0.5688888888888889
6.1842338254791684e-06,0.0,0.5685185185185185
6.229145583347417e-06,0.0,0.5681481481481482
6.232459327293327e-06,0.0,0.5677777777777778
6.244064024940599e-06,0.0,0.5674074074074074
6.256267624848988e-06,0.0,0.567037037037037
6.3246998251997866e-06,0.0,0.5666666666666667
6.3652178141637705e-06,0.0,0.5662962962962963
6.395928721758537e-06,0.0,0.5659259259259259
6.449884494941216e-06,0.0,0.5655555555555556
6.583432877960149e-06,0.0,0.5651851851851852
6.625398782489356e-06,0.0,0.5648148148148148
6.629186373174889e-06,0.0,0.5644444444444444
6.62987440591678e-06,0.0,0.5640740740740741
6.638525974267395e-06,0.0,0.5637037037037037
6.691618182230741e-06,0.0,0.5633333333333334
6.6990969571634196e-06,0.0,0.562962962962963
6.703157396259485e-06,0.0,0.5625925925925926
6.705780833726749e-06,0.0,0.5622222222222222
6.718271833960898e-06,0.0,0.5618518518518518
6.720737474097405e-06,0.0,0.5614814814814815
6.742684945493238e-06,0.0,0.5611111111111111
6.7487553678802215e-06,0.0,0.5607407407407408
6.802344614698086e-06,0.0,0.5603703703703704
6.865778232167941e-06,0.0,0.56
6.881642093503615e-06,0.0,0.5596296296296296
6.893616955494508e-06,0.0,0.5592592592592592
6.922525244590361e-06,0.0,0.5588888888888889
6.9595789682352915e-06,0.0,0.5585185185185185
6.965337888686918e-06,0.0,0.5581481481481482
6.9683665060438216e-06,0.0,0.5577777777777778
7.015455594228115e-06,0.0,0.5574074074074075
7.050069143588189e-06,0.0,0.557037037037037
7.061171345412731e-06,0.0,0.5566666666666666
7.081620424287394e-06,0.0,0.5562962962962963
7.097748039086582e-06,0.0,0.5559259259259259
7.150758392526768e-06,0.0,0.5555555555555556
7.1592639869777486e-06,0.0,0.5551851851851852
7.202546839835122e-06,0.0,0.5548148148148148
7.203716904768953e-06,0.0,0.5544444444444444
7.241883395181503e-06,0.0,0.554074074074074
7.306168299692217e-06,0.0,0.5537037037037037
7.34324339646264e-06,0.0,0.5533333333333333
7.371134415734559e-06,0.0,0.552962962962963
7.3714900281629525e-06,0.0,0.5525925925925926
7.396418823191198e-06,0.0,0.5522222222222222
7.4009612944792025e-06,0.0,0.5518518518518518
7.472550350939855e-06,0.0,0.5514814814814815
7.53566109779058e-06,0.0,0.5511111111111111
7.537339570262702e-06,0.0,0.5507407407407408
7.549765541625675e-06,0.0,0.5503703703703704
7.574628398288041e-06,0.0,0.55
7.576141342724441e-06,0.0,0.5496296296296296
7.583083970530424e-06,0.0,0.5492592592592592
7.620225915161427e-06,0.0,0.5488888888888889
7.681815986870788e-06,0.0,0.5485185185185185
7.69733014749363e-06,0.0,0.5481481481481482
7.697744877077639e-06,0.0,0.5477777777777778
7.75633907323936e-06,0.0,0.5474074074074075
7.811736395524349e-06,0.0,0.547037037037037
7.819486199878156e-06,0.0,0.5466666666666666
7.82623919803882e-06,0.0,0.5462962962962963
7.830634785932489e-06,0.0,0.5459259259259259
7.84086932981154e-06,0.0,0.5455555555555556
7.874305083532818e-06,0.0,0.5451851851851852
7.879341865191236e-06,0.0,0.5448148148148149
8.008240911294706e-06,0.0,0.5444444444444444
8.028961019590497e-06,0.0,0.544074074074074
8.118588084471412e-06,0.0,0.5437037037037037
8.150349458446726e-06,0.0,0.5433333333333333
8.164062819560058e-06,0.0,0.542962962962963
8.22447327664122e-06,0.0,0.5425925925925926
8.240128408942837e-06,0.0,0.5422222222222223
8.270676516985986e-06,0.0,0.5418518518518518
8.277545930468477e-06,0.0,0.5414814814814815
8.284702744276728e-06,0.0,0.5411111111111111
8.36963408801239e-06,0.0,0.5407407407407407
8.42851022753166e-06,0.0,0.5403703703703704
8.474549758830108e-06,0.0,0.54
8.480818905809429e-06,0.0,0.5396296296296297
8.486171282129362e-06,0.0,0.5392592592592592
8.493325367453508e-06,0.0,0.5388888888888889
8.504634024575353e-06,0.0,0.5385185185185185
8.506293852406088e-06,0.0,0.5381481481481482
8.53618166729575e-06,0.0,0.5377777777777778
8.542119758203626e-06,0.0,0.5374074074074074
8.576233085477725e-06,0.0,0.5370370370370371
8.582476766605396e-06,0.0,0.5366666666666666
8.616912964498624e-06,0.0,0.5362962962962963
8.642061402497347e-06,0.0,0.5359259259259259
8.753323527344037e-06,0.0,0.5355555555555556
8.786373655311763e-06,0.0,0.5351851851851852
8.816040462988894e-06,0.0,0.5348148148148149
8.876021638570819e-06,0.0,0.5344444444444445
8.885133865987882e-06,0.0,0.534074074074074
8.967659596237354e-06,0.0,0.5337037037037037
8.991507456812542e-06,0.0,0.5333333333333333
9.09766458789818e-06,0.0,0.532962962962963
9.107273399422411e-06,0.0,0.5325925925925926
9.112632142205257e-06,0.0,0.5322222222222223
9.113820851780474e-06,0.0,0.5318518518518518
9.205576134263538e-06,0.0,0.5314814814814814
9.268621397495735e-06,0.0,0.5311111111111111
9.292431059293449e-06,0.0,0.5307407407407407
9.29721772990888e-06,0.0,0.5303703703703704
9.318585398432333e-06,0.0,0.53
9.426936230738647e-06,0.0,0.5296296296296297
9.445494470128324e-06,0.0,0.5292592592592592
9.4496372184949e-06,0.0,0.5288888888888889
9.467503332416527e-06,0.0,0.5285185185185185
9.535168828733731e-06,0.0,0.5281481481481481
9.567566849000286e-06,0.0,0.5277777777777778
9.646930266171694e-06,0.0,0.5274074074074074
9.655481335357763e-06,0.0,0.5270370370370371
9.66327206697315e-06,0.0,0.5266666666666666
9.669085557106882e-06,0.0,0.5262962962962963
9.754188795341179e-06,0.0,0.5259259259259259
9.75470265984768e-06,0.0,0.5255555555555556
9.764396963873878e-06,0.0,0.5251851851851852
9.817280442803167e-06,0.0,0.5248148148148148
9.824598237173632e-06,0.0,0.5244444444444445
9.871028851193842e-06,0.0,0.524074074074074
9.960944225895219e-06,0.0,0.5237037037037037
9.960995157598518e-06,0.0,0.5233333333333333
9.976536603062414e-06,0.0,0.522962962962963
9.997429515351541e-06,0.0,0.5225925925925926
1.0022130481956992e-05,0.0,0.5222222222222223
1.0023082722909749e-05,0.0,0.5218518518518519
1.0029836630565114e-05,0.0,0.5214814814814814
1.0066925824503414e-05,0.0,0.5211111111111111
1.014854024106171e-05,0.0,0.5207407407407407
1.0173921509704087e-05,0.0,0.5203703703703704
1.0231546184513718e-05,0.0,0.52
1.0231753549305722e-05,0.0,0.5196296296296297
1.0286234100931324e-05,0.0,0.5192592592592593
1.0390889656264335e-05,0.0,0.5188888888888888
1.0448038665344939e-05,0.0,0.5185185185185185
1.0457477401359938e-05,0.0,0.5181481481481481
1.0515086614759639e-05,0.0,0.5177777777777778
1.0636818842613138e-05,0.0,0.5174074074074074
1.0690258932299912e-05,0.0,0.5170370370370371
1.0802336873894092e-05,0.0,0.5166666666666667
1.083902498066891e-05,0.0,0.5162962962962963
1.0969927643600386e-05,0.0,0.5159259259259259
1.0973251846735366e-05,0.0,0.5155555555555555
1.1029753295588307e-05,0.0,0.5151851851851852
1.103049362427555e-05,0.0,0.5148148148148148
1.1065139915444888e-05,0.0,0.5144444444444445
1.1102289136033505e-05,0.0,0.5140740740740741
1.1125087439722847e-05,0.0,0.5137037037037037
1.115648410632275e-05,0.0,0.5133333333333333
1.1273431482550222e-05,0.0,0.512962962962963
1.1276839359197766e-05,0.0,0.5125925925925926
1.136055652750656e-05,0.0,0.5122222222222222
1.1410289516788907e-05,0.0,0.5118518518518519
1.1423322575865313e-05,0.0,0.5114814814814815
1.1440027265052777e-05,0.0,0.5111111111111111
1.1457968867034651e-05,0.0,0.5107407407407407
1.1789663403760642e-05,0.0,0.5103703703703704
1.1810901924036443e-05,0.0,0.51
1.182479172712192e-05,0.0,0.5096296296296297
1.1842866115330253e-05,0.0,0.5092592592592593
1.18457119242521e-05,0.0,0.5088888888888888
1.1871281458297744e-05,0.0,0.5085185185185185
1.1880158126587048e-05,0.0,0.5081481481481481
1.1919430107809603e-05,0.0,0.5077777777777778
1.202879320771899e-05,0.0,0.5074074074074074
1.2069197509845253e-05,0.0,0.5070370370370371
1.214082476508338e-05,0.0,0.5066666666666667
1.2161896847828757e-05,0.0,0.5062962962962962
1.219346268044319e-05,0.0,0.5059259259259259
1.2211214198032394e-05,0.0,0.5055555555555555
1.2247599443071522e-05,0.0,0.5051851851851852
1.237394826603122e-05,0.0,0.5048148148148148
1.241295103682205e-05,0.0,0.5044444444444445
1.2503533071139827e-05,0.0,0.5040740740740741
1.2529662853921764e-05,0.0,0.5037037037037037
1.2568956663017161e-05,0.0,0.5033333333333333
1.2604554285644554e-05,0.0,0.502962962962963
1.270163102162769e-05,0.0,0.5025925925925926
1.2765982319251634e-05,0.0,0.5022222222222222
1.2808282917831093e-05,0.0,0.5018518518518519
1.2986431102035567e-05,0.0,0.5014814814814815
1.3017343917454127e-05,0.0,0.5011111111111111
1.3018083336646669e-05,0.0,0.5007407407407407
1.3077322364551947e-05,0.0,0.5003703703703704
1.3106770893500652e-05,0.0,0.5
1.3109700375935063e-05,0.0,0.49962962962962965
1.3120988114678767e-05,0.0,0.49925925925925924
1.3140710507286713e-05,0.0,0.4988888888888889
1.3147857316653244e-05,0.0,0.4985185185185185
1.315667850576574e-05,0.0,0.4981481481481482
1.3167162251193076e-05,0.0,0.49777777777777776
1.320570481766481e-05,0.0,0.4974074074074074
1.3219912943895906e-05,0.0,0.49703703703703705
1.3291355571709573e-05,0.0,0.49666666666666665
1.3340978512133006e-05,0.0,0.4962962962962963
1.3357579518924467e-05,0.0,0.49592592592592594
1.3522274457500316e-05,0.0,0.4955555555555556
1.358410190732684e-05,0.0,0.4951851851851852
1.3852423762727994e-05,0.0,0.4948148148148148
1.3934097296441905e-05,0.0,0.49444444444444446
1.3986893463879824e-05,0.0,0.49407407407407405
1.4027362340129912e-05,0.0,0.4937037037037037
1.405861803505104e-05,0.0,0.49333333333333335
1.4060118701308966e-05,0.0,0.49296296296296294
1.4080775144975632e-05,0.0,0.4925925925925926
1.4150541574053932e-05,0.0,0.4922222222222222
1.417632302036509e-05,0.0,0.4918518518518519
1.4209952496457845e-05,0.0,0.49148148148148146
1.427488950866973e-05,0.0,0.4911111111111111
1.4344130249810405e-05,0.0,0.49074074074074076
1.4407683920580894e-05,0.0,0.49037037037037035
1.4458650184678845e-05,0.0,0.49
1.44805317177088e-05,0.0,0.48962962962962964
1.4529841791954823e-05,0.0,0.4892592592592593
1.4542917597282212e-05,0.0,0.4888888888888889
1.4544710211339407e-05,0.0,0.4885185185185185
1.4603243471356109e-05,0.0,0.48814814814814816
1.4668397852801718e-05,0.0,0.48777777777777775
1.472332496632589e-05,0.0,0.4874074074074074
1.4744518921361305e-05,0.0,0.48703703703703705
1.4826483493379783e-05,0.0,0.4866666666666667
1.4854222172289155e-05,0.0,0.4862962962962963
1.4862243006064091e-05,0.0,0.48592592592592593
1.4915918654878624e-05,0.0,0.4855555555555556
1.4919405657565221e-05,0.0,0.48518518518518516
1.4971954442444257e-05,0.0,0.4848148148148148
1.500287362432573e-05,0.0,0.48444444444444446
1.5121509932214394e-05,0.0,0.4840740740740741
1.5167019228101708e-05,0.0,0.4837037037037037
1.5506913769058883e-05,0.0,0.48333333333333334
1.5512825484620407e-05,0.0,0.482962962962963
1.5620438716723584e-05,0.0,0.4825925925925926
1.5928511857055128e-05,0.0,0.4822222222222222
1.6001427866285667e-05,0.0,0.48185185185185186
1.6013733329600655e-05,0.0,0.48148148148148145
1.6110960132209584e-05,0.0,0.4811111111111111
1.6136385966092348e-05,0.0,0.48074074074074075
1.619162503629923e-05,0.0,0.4803703703703704
1.621196497580968e-05,0.0,0.48
1.622494892217219e-05,0.0,0.47962962962962963
1.6336018234142102e-05,0.0,0.4792592592592593
1.6387133655371144e-05,0.0,0.47888888888888886
1.6423398847109638e-05,0.0,0.4785185185185185
1.646073542360682e-05,0.0,0.47814814814814816
1.649299701966811e-05,0.0,0.4777777777777778
1.664353840169497e-05,0.0,0.4774074074074074
1.6667994714225642e-05,0.0,0.47703703703703704
1.676252213655971e-05,0.0,0.4766666666666667
1.682668153080158e-05,0.0,0.4762962962962963
1.6869544197106734e-05,0.0,0.4759259259259259
1.6888488971744664e-05,0.0,0.47555555555555556
1.6895446606213227e-05,0.0,0.4751851851851852
1.69017930602422e-05,0.0,0.4748148148148148
1.691481338639278e-05,0.0,0.47444444444444445
1.69496561284177e-05,0.0,0.4740740740740741
1.6955438695731573e-05,0.0,0.4737037037037037
1.7088121239794418e-05,0.0,0.47333333333333333
1.7100574041251093e-05,0.0,0.472962962962963
1.71478750417009e-05,0.0,0.4725925925925926
1.7185515389428474e-05,0.0,0.4722222222222222
1.723886998661328e-05,0.0,0.47185185185185186
1.725364927551709e-05,0.0,0.4714814814814815
1.727597918943502e-05,0.0,0.4711111111111111
1.73036696651252e-05,0.0,0.47074074074074074
1.7345302694593556e-05,0.0,0.4703703703703704
1.7425312762497924e-05,0.0,0.47
1.74677752511343e-05,0.0,0.4696296296296296
1.7492318875156343e-05,0.0,0.46925925925925926
1.7550635675434023e-05,0.0,0.4688888888888889
1.757261634338647e-05,0.0,0.4685185185185185
1.7597332771401852e-05,0.0,0.46814814814814815
1.7609650967642665e-05,0.0,0.4677777777777778
1.7766749806469306e-05,0.0,0.4674074074074074
1.7850068616098724e-05,0.0,0.46703703703703703
1.786427674232982e-05,0.0,0.4666666666666667
1.7938747987500392e-05,0.0,0.4662962962962963
1.8298582290299237e-05,0.0,0.4659259259259259
1.833590431488119e-05,0.0,0.46555555555555556
1.841681296355091e-05,0.0,0.4651851851851852
1.846689156081993e-05,0.0,0.4648148148148148
1.853083449532278e-05,0.0,0.46444444444444444
1.864527257566806e-05,0.0,0.4640740740740741
1.8653627193998545e-05,0.0,0.46370370370370373
1.86956694960827e-05,0.0,0.4633333333333333
1.870186679298058e-05,0.0,0.46296296296296297
1.8740276573225856e-05,0.0,0.4625925925925926
1.874358713394031e-05,0.0,0.4622222222222222
1.878734474303201e-05,0.0,0.46185185185185185
1.880418130895123e-05,0.0,0.4614814814814815
1.8934319086838514e-05,0.0,0.46111111111111114
1.901309769891668e-05,0.0,0.46074074074074073
1.9042186977458186e-05,0.0,0.4603703703703704
1.9045310182264075e-05,0.0,0.46
1.9064658772549592e-05,0.0,0.4596296296296296
1.912135303427931e-05,0.0,0.45925925925925926
1.9246952433604747e-05,0.0,0.4588888888888889
1.9291679564048536e-05,0.0,0.4585185185185185
1.934426836669445e-05,0.0,0.45814814814814814
1.9466726371319965e-05,0.0,0.4577777777777778
1.9570525182643905e-05,0.0,0.45740740740740743
1.9636825527413748e-05,0.0,0.457037037037037
1.9878207240253687e-05,0.0,0.45666666666666667
1.9990668079117313e-05,0.0,0.4562962962962963
2.0079576643183827e-05,0.0,0.4559259259259259
2.0227998902555555e-05,0.0,0.45555555555555555
2.0364865122246556e-05,0.0,0.4551851851851852
2.048473834292963e-05,0.0,0.45481481481481484
2.0517556549748406e-05,0.0,0.45444444444444443
2.0579485862981528e-05,0.0,0.4540740740740741
2.060164842987433e-05,0.0,0.4537037037037037
2.0634488464565948e-05,0.0,0.4533333333333333
2.067383684334345e-05,0.0,0.45296296296296296
2.0731247786898166e-05,0.0,0.4525925925925926
2.0748893803101964e-05,0.0,0.45222222222222225
2.0823907107114792e-05,0.0,0.45185185185185184
2.0879890143987723e-05,0.0,0.4514814814814815
2.090666748699732e-05,0.0,0.45111111111111113
2.0970317564206198e-05,0.0,0.4507407407407407
2.1090458176331595e-05,0.0,0.45037037037037037
2.1182144337217323e-05,0.0,0.45
2.130067878169939e-05,0.0,0.44962962962962966
2.1319601728464477e-05,0.0,0.44925925925925925
2.132042936864309e-05,0.0,0.4488888888888889
2.136252078344114e-05,0.0,0.44851851851851854
2.1386480511864647e-05,0.0,0.44814814814814813
2.1394898794824257e-05,0.0,0.4477777777777778
2.1604551875498146e-05,0.0,0.4474074074074074
2.1689806089852937e-05,0.0,0.447037037037037
2.1881285647395998e-05,0.0,0.44666666666666666
2.1983409169479273e-05,0.0,0.4462962962962963
2.2053458451409824e-05,0.0,0.44592592592592595
2.2079359041526914e-05,0.0,0.44555555555555554
2.2122023437987082e-05,0.0,0.4451851851851852
2.2135587641969323e-05,0.0,0.44481481481481483
2.2224301574169658e-05,0.0,0.4444444444444444
2.235397187178023e-05,0.0,0.44407407407407407
2.2381136659532785e-05,0.0,0.4437037037037037
2.2444844944402575e-05,0.0,0.44333333333333336
2.2522604922414757e-05,0.0,0.44296296296296295
2.2564165192306973e-05,0.0,0.4425925925925926
2.2594909751205705e-05,0.0,0.44222222222222224
2.275772021675948e-05,0.0,0.44185185185185183
2.306678652530536e-05,0.0,0.4414814814814815
2.3335262085311115e-05,0.0,0.4411111111111111
2.3436941773979925e-05,0.0,0.44074074074074077
2.3593425794388168e-05,0.0,0.44037037037037036
2.359935751883313e-05,0.0,0.44
2.3642754968022928e-05,0.0,0.43962962962962965
2.3668701032875106e-05,0.0,0.43925925925925924
2.367752676946111e-05,0.0,0.4388888888888889
2.3691871319897473e-05,0.0,0.43851851851851853
2.3714843337074853e-05,0.0,0.4381481481481482
2.3789474653312936e-05,0.0,0.43777777777777777
2.3792701540514827e-05,0.0,0.4374074074074074
2.3960046746651642e-05,0.0,0.43703703703703706
2.398154538241215e-05,0.0,0.43666666666666665
2.4126205971697345e-05,0.0,0.4362962962962963
2.424156991764903e-05,0.0,0.43592592592592594
2.4248707632068545e-05,0.0,0.43555555555555553
2.4258348275907338e-05,0.0,0.4351851851851852
2.431319808238186e-05,0.0,0.4348148148148148
2.4314529582625255e-05,0.0,0.43444444444444447
2.4447066607535817e-05,0.0,0.43407407407407406
2.4451088393107057e-05,0.0,0.4337037037037037
2.452340049785562e-05,0.0,0.43333333333333335
2.4549921363359317e-05,0.0,0.43296296296296294
2.456243419146631e-05,0.0,0.4325925925925926
2.45906958298292e-05,0.0,0.43222222222222223
2.4826205844874494e-05,0.0,0.4318518518518519
2.494335058145225e-05,0.0,0.43148148148148147
2.5108365662163123e-05,0.0,0.4311111111111111
2.5304743758169934e-05,0.0,0.43074074074074076
2.532471262384206e-05,0.0,0.43037037037037035
2.5352348529850133e-05,0.0,0.43
2.5494453439023346e-05,0.0,0.42962962962962964
2.5513327273074538e-05,0.0,0.4292592592592593
2.5571443984517828e-05,0.0,0.4288888888888889
2.5665875000413507e-05,0.0,0.4285185185185185
2.5734549126354977e-05,0.0,0.42814814814814817
2.5931170966941863e-05,0.0,0.42777777777777776
2.5966892280848697e-05,0.0,0.4274074074074074
2.6000647267210297e-05,0.0,0.42703703703703705
2.6014869945356622e-05,0.0,0.4266666666666667
2.60794950008858e-05,0.0,0.4262962962962963
2.611019226606004e-05,0.0,0.42592592592592593
2.6131885533686727e-05,0.0,0.4255555555555556
2.6556306693237275e-05,0.0,0.42518518518518517
2.670612229849212e-05,0.0,0.4248148148148148
2.6774845537147485e-05,0.0,0.42444444444444446
2.6842411898542196e-05,0.0,0.42407407407407405
2.6900062948698178e-05,0.0,0.4237037037037037
2.694634167710319e-05,0.0,0.42333333333333334
2.719042095122859e-05,0.0,0.422962962962963
2.7432550268713385e-05,0.0,0.4225925925925926
2.7598707674769685e-05,0.0,0.4222222222222222
2.7707830668077804e-05,0.0,0.42185185185185187
2.791756378428545e-05,0.0,0.42148148148148146
2.802442577376496e-05,0.0,0.4211111111111111
2.8089685656595975e-05,0.0,0.42074074074074075
2.8356795155559666e-05,0.0,0.4203703703703704
2.8422116884030402e-05,0.0,0.42
2.8560913051478565e-05,0.0,0.41962962962962963
2.859175219782628e-05,0.0,0.4192592592592593
2.8662321710726246e-05,0.0,0.41888888888888887
2.869791023840662e-05,0.0,0.4185185185185185
2.878524719562847e-05,0.0,0.41814814814814816
2.889018833229784e-05,0.0,0.4177777777777778
2.897218473663088e-05,0.0,0.4174074074074074
2.9003909730818123e-05,0.0,0.41703703703703704
2.9087481379974633e-05,0.0,0.4166666666666667
2.9142567655071616e-05,0.0,0.4162962962962963
2.9188740882091224e-05,0.0,0.4159259259259259
2.9364040528889745e-05,0.0,0.41555555555555557
2.936738746939227e-05,0.0,0.4151851851851852
2.938488614745438e-05,0.0,0.4148148148148148
2.9410026400000788e-05,0.0,0.41444444444444445
2.9441496735671535e-05,0.0,0.4140740740740741
2.9446631742757745e-05,0.0,0.4137037037037037
2.949480949610006e-05,0.0,0.41333333333333333
2.9525235731853172e-05,0.0,0.412962962962963
2.961382233479526e-05,0.0,0.41259259259259257
2.9751172405667603e-05,0.0,0.4122222222222222
2.97728183795698e-05,0.0,0.41185185185185186
3.0036451789783314e-05,0.0,0.4114814814814815
3.0128419894026592e-05,0.0,0.4111111111111111
3.0253704608185217e-05,0.0,0.41074074074074074
3.0772618629271165e-05,0.0,0.4103703703703704
3.087320510530844e-05,0.0,0.41
3.09438219119329e-05,0.0,0.4096296296296296
3.099597233813256e-05,0.0,0.40925925925925927
3.0999355658423156e-05,0.0,0.4088888888888889
3.119122993666679e-05,0.0,0.4085185185185185
3.133163045276888e-05,0.0,0.40814814814814815
3.149422991555184e-05,0.0,0.4077777777777778
3.1647421565139666e-05,0.0,0.4074074074074074
3.180125349899754e-05,0.0,0.40703703703703703
3.196534817107022e-05,0.0,0.4066666666666667
3.2062896934803575e-05,0.0,0.4062962962962963
3.241942613385618e-05,0.0,0.4059259259259259
3.246586857130751e-05,0.0,0.40555555555555556
3.255337287555449e-05,0.0,0.4051851851851852
3.3233503927476704e-05,0.0,0.4048148148148148
3.329080936964601e-05,0.0,0.40444444444444444
3.33010611939244e-05,0.0,0.4040740740740741
3.3585019991733134e-05,0.0,0.40370370370370373
3.369935438968241e-05,0.0,0.4033333333333333
3.3722040825523436e-05,0.0,0.40296296296296297
3.4137992770411074e-05,0.0,0.4025925925925926
3.4206852433271706e-05,0.0,0.4022222222222222
3.428407944738865e-05,0.0,0.40185185185185185
3.434829704929143e-05,0.0,0.4014814814814815
3.4455897548468783e-05,0.0,0.4011111111111111
3.44929940183647e-05,0.0,0.40074074074074073
3.453745739534497e-05,0.0,0.4003703703703704
3.460410516709089e-05,0.0,0.4
3.461649248492904e-05,0.0,0.3996296296296296
3.463346729404293e-05,0.0,0.39925925925925926
3.4788135963026434e-05,0.0,0.3988888888888889
3.483858745312318e-05,0.0,0.3985185185185185
3.5110591852571815e-05,0.0,0.39814814814814814
3.53444556822069e-05,0.0,0.3977777777777778
3.540784018696286e-05,0.0,0.39740740740740743
3.5621022107079625e-05,0.0,0.397037037037037
3.5692937672138214e-05,0.0,0.39666666666666667
3.5787277738563716e-05,0.0,0.3962962962962963
3.589472908060998e-05,0.0,0.3959259259259259
3.6190180253470317e-05,0.0,0.39555555555555555
3.6363569961395115e-05,0.0,0.3951851851851852
3.649956488516182e-05,0.0,0.39481481481481484
3.6578436265699565e-05,0.0,0.39444444444444443
3.6648700188379735e-05,0.0,0.3940740740740741
3.66735621355474e-05,0.0,0.3937037037037037
3.687404750962742e-05,0.0,0.3933333333333333
3.691234451252967e-05,0.0,0.39296296296296296
3.714658669196069e-05,0.0,0.3925925925925926
3.719644882949069e-05,0.0,0.39222222222222225
3.723446207004599e-05,0.0,0.39185185185185184
3.755572470254265e-05,0.0,0.3914814814814815
3.761379775824025e-05,0.0,0.39111111111111113
3.7638812500517815e-05,0.0,0.3907407407407407
3.771052433876321e-05,0.0,0.39037037037037037
3.787867535720579e-05,0.0,0.39
3.789027687162161e-05,0.0,0.3896296296296296
3.798036777880043e-05,0.0,0.38925925925925925
3.8110578316263855e-05,0.0,0.3888888888888889
3.813835792243481e-05,0.0,0.38851851851851854
3.8305392081383616e-05,0.0,0.38814814814814813
3.84863669751212e-05,0.0,0.3877777777777778
3.8496917113661766e-05,0.0,0.3874074074074074
3.870075670420192e-05,0.0,0.387037037037037
3.8800513721071184e-05,0.0,0.38666666666666666
3.8995603972580284e-05,0.0,0.3862962962962963
3.902196840499528e-05,0.0,0.38592592592592595
3.905850826413371e-05,0.0,0.38555555555555554
3.908568760380149e-05,0.0,0.3851851851851852
3.909957013092935e-05,0.0,0.38481481481481483
3.916161949746311e-05,0.0,0.3844444444444444
3.9221340557560325e-05,0.0,0.38407407407407407
3.925559940398671e-05,0.0,0.3837037037037037
3.954713974962942e-05,0.0,0.38333333333333336
3.9570317312609404e-05,0.0,0.38296296296296295
3.960109097533859e-05,0.0,0.3825925925925926
3.967047814512625e-05,0.0,0.38222222222222224
3.9833281334722415e-05,0.0,0.38185185185185183
4.010874545201659e-05,0.0,0.3814814814814815
4.011980490759015e-05,0.0,0.3811111111111111
4.022409120807424e-05,0.0,0.38074074074074077
4.0249942685477436e-05,0.0,0.38037037037037036
4.0352591895498335e-05,0.0,0.38
4.044506931677461e-05,0.0,0.37962962962962965
4.049197013955563e-05,0.0,0.37925925925925924
4.0535000152885914e-05,0.0,0.3788888888888889
4.058198828715831e-05,0.0,0.37851851851851853
4.0630591684021056e-05,0.0,0.3781481481481481
4.0637249185238034e-05,0.0,0.37777777777777777
4.0954590076580644e-05,0.0,0.3774074074074074
4.097721102880314e-05,0.0,0.37703703703703706
4.121957317693159e-05,0.0,0.37666666666666665
4.1665411117719486e-05,0.0,0.3762962962962963
4.175219510216266e-05,0.0,0.37592592592592594
4.224351141601801e-05,0.0,0.37555555555555553
4.231623461237177e-05,0.0,0.3751851851851852
4.2507832404226065e-05,0.0,0.3748148148148148
4.2563246097415686e-05,0.0,0.37444444444444447
4.259897468728013e-05,0.0,0.37407407407407406
4.272664591553621e-05,0.0,0.3737037037037037
4.2739760829135776e-05,0.0,0.37333333333333335
4.301963053876534e-05,0.0,0.37296296296296294
4.3531908886507154e-05,0.0,0.3725925925925926
4.357877332950011e-05,0.0,0.37222222222222223
4.363546031527221e-05,0.0,0.3718518518518519
4.3850173824466765e-05,0.0,0.37148148148148147
4.400600300868973e-05,0.0,0.3711111111111111
4.403949424158782e-05,0.0,0.37074074074074076
4.418873868416995e-05,0.0,0.37037037037037035
4.4529799197334796e-05,0.0,0.37
4.4965825509279966e-05,0.0,0.36962962962962964
4.503333184402436e-05,0.0,0.36925925925925923
4.5034350478090346e-05,0.0,0.3688888888888889
4.509241261985153e-05,0.0,0.3685185185185185
4.513791645877063e-05,0.0,0.36814814814814817
4.528085628408007e-05,0.0,0.36777777777777776
4.541123053058982e-05,0.0,0.3674074074074074
4.5487817260436714e-05,0.0,0.36703703703703705
4.567821088130586e-05,0.0,0.36666666666666664
4.569207158056088e-05,0.0,0.3662962962962963
4.571146200760268e-05,0.0,0.36592592592592593
4.5870903704781085e-05,0.0,0.3655555555555556
4.5890854380559176e-05,0.0,0.36518518518518517
4.5955515815876424e-05,0.0,0.3648148148148148
4.606368747772649e-05,0.0,0.36444444444444446
4.662284845835529e-05,0.0,0.36407407407407405
4.6812056098133326e-05,0.0,0.3637037037037037
4.6827353799017146e-05,0.0,0.36333333333333334
4.69316219096072e-05,0.0,0.362962962962963
4.7436806198675185e-05,0.0,0.3625925925925926
4.7498124331468716e-05,0.0,0.3622222222222222
4.8006630095187575e-05,0.0,0.36185185185185187
4.818668821826577e-05,0.0,0.36148148148148146
4.83673793496564e-05,0.0,0.3611111111111111
4.8687543312553316e-05,0.0,0.36074074074074075
4.874745718552731e-05,0.0,0.3603703703703704
4.9061476602219045e-05,0.0,0.36
4.9112662964034826e-05,0.0,0.35962962962962963
4.949827416567132e-05,0.0,0.3592592592592593
4.9764785217121243e-05,0.0,0.35888888888888887
4.9852471420308575e-05,0.0,0.3585185185185185
4.999737939215265e-05,0.0,0.35814814814814816
5.051198968430981e-05,0.0,0.35777777777777775
5.062154741608538e-05,0.0,0.3574074074074074
5.07514487253502e-05,0.0,0.35703703703703704
5.0775863201124594e-05,0.0,0.3566666666666667
5.0931710575241596e-05,0.0,0.3562962962962963
5.1248527597635984e-05,0.0,0.3559259259259259
5.13557497470174e-05,0.0,0.35555555555555557
5.1389404688961804e-05,0.0,0.35518518518518516
5.1396222261246294e-05,0.0,0.3548148148148148
5.152384255779907e-05,0.0,0.35444444444444445
5.17757362104021e-05,0.0,0.3540740740740741
5.181605229154229e-05,0.0,0.3537037037037037
5.212589894654229e-05,0.0,0.35333333333333333
5.213670010562055e-05,0.0,0.352962962962963
5.213948315940797e-05,0.0,0.35259259259259257
5.2266448619775474e-05,0.0,0.3522222222222222
5.230973329162225e-05,0.0,0.35185185185185186
5.2327151934150606e-05,0.0,0.3514814814814815
5.2517541917040944e-05,0.0,0.3511111111111111
5.269422035780735e-05,0.0,0.35074074074074074
5.296610470395535e-05,0.0,0.3503703703703704
5.3297379054129124e-05,0.0,0.35
5.342083386494778e-05,0.0,0.3496296296296296
5.349307684809901e-05,0.0,0.34925925925925927
5.3676401876145974e-05,0.0,0.3488888888888889
5.384504402172752e-05,0.0,0.3485185185185185
5.402373062679544e-05,0.0,0.34814814814814815
5.406441414379515e-05,0.0,0.3477777777777778
5.4316835303325206e-05,0.0,0.3474074074074074
5.459923704620451e-05,0.0,0.34703703703703703
5.460870306706056e-05,0.0,0.3466666666666667
5.462086119223386e-05,0.0,0.34629629629629627
5.467563460115343e-05,0.0,0.3459259259259259
5.4816810006741434e-05,0.0,0.34555555555555556
5.4956184612819925e-05,0.0,0.3451851851851852
5.5015665566315874e-05,0.0,0.3448148148148148
5.503120701177977e-05,0.0,0.34444444444444444
5.505366425495595e-05,0.0,0.3440740740740741
5.5243679526029155e-05,0.0,0.3437037037037037
5.525868618860841e-05,0.0,0.3433333333333333
5.58173269382678e-05,0.0,0.34296296296296297
5.5855984101071954e-05,0.0,0.3425925925925926
5.5874246754683554e-05,0.0,0.3422222222222222
5.603484169114381e-05,0.0,0.34185185185185185
5.60856205993332e-05,0.0,0.3414814814814815
5.631492240354419e-05,0.0,0.3411111111111111
5.651261017192155e-05,0.0,0.34074074074074073
5.6515331380069256e-05,0.0,0.3403703703703704
5.657543078996241e-05,0.0,0.34
5.678048910340294e-05,0.0,0.3396296296296296
5.7074921642197296e-05,0.0,0.33925925925925926
5.719616819988005e-05,0.0,0.3388888888888889
5.722192145185545e-05,0.0,0.3385185185185185
5.727978714276105e-05,0.0,0.33814814814814814
5.728672113036737e-05,0.0,0.3377777777777778
5.744808731833473e-05,0.0,0.33740740740740743
5.7508597819833085e-05,0.0,0.337037037037037
5.775306635769084e-05,0.0,0.33666666666666667
5.7902045227820054e-05,0.0,0.3362962962962963
5.807124762213789e-05,0.0,0.3359259259259259
5.812626477563754e-05,0.0,0.33555555555555555
5.816775228595361e-05,0.0,0.3351851851851852
5.871289249625988e-05,0.0,0.3348148148148148
5.8870780776487663e-05,0.0,0.33444444444444443
5.905187572352588e-05,0.0,0.3340740740740741
5.940668052062392e-05,0.0,0.3337037037037037
5.9655867516994476e-05,0.0,0.3333333333333333
5.99907070863992e-05,0.0,0.33296296296296296
6.020691216690466e-05,0.0,0.3325925925925926
6.0623016906902194e-05,0.0,0.3322222222222222
6.101056715124287e-05,0.0,0.33185185185185184
6.140999175840989e-05,0.0,0.3314814814814815
6.146977102616802e-05,0.0,0.33111111111111113
6.157127791084349e-05,0.0,0.3307407407407407
6.172115536173806e-05,0.0,0.33037037037037037
6.186934479046613e-05,0.0,0.33
6.188694533193484e-05,0.0,0.3296296296296296
6.197206676006317e-05,0.0,0.32925925925925925
6.231057341210544e-05,0.0,0.3288888888888889
6.234904140001163e-05,0.0,0.32851851851851854
6.268954166444018e-05,0.0,0.32814814814814813
6.274237239267677e-05,0.0,0.3277777777777778
6.285862036747858e-05,0.0,0.3274074074074074
6.295554339885712e-05,0.0,0.327037037037037
6.30997892585583e-05,0.0,0.32666666666666666
6.32092051091604e-05,0.0,0.3262962962962963
6.329022289719433e-05,0.0,0.32592592592592595
6.330196629278362e-05,0.0,0.32555555555555554
6.341913831420243e-05,0.0,0.3251851851851852
6.369067705236375e-05,0.0,0.32481481481481483
6.415977259166539e-05,0.0,0.3244444444444444
6.42928498564288e-05,0.0,0.32407407407407407
6.43760577077046e-05,0.0,0.3237037037037037
6.464309990406036e-05,0.0,0.3233333333333333
6.468665378633887e-05,0.0,0.32296296296296295
6.512670370284468e-05,0.0,0.3225925925925926
6.522806506836787e-05,0.0,0.32222222222222224
6.543621566379443e-05,0.0,0.32185185185185183
6.55073527013883e-05,0.0,0.3214814814814815
6.583277718164027e-05,0.0,0.3211111111111111
6.611395656364039e-05,0.0,0.3207407407407407
6.62123056827113e-05,0.0,0.32037037037037036
6.621521606575698e-05,0.0,0.32
6.658423808403313e-05,0.0,0.31962962962962965
6.659364589722827e-05,0.0,0.31925925925925924
6.704744009766728e-05,0.0,0.3188888888888889
6.727255822625011e-05,0.0,0.31851851851851853
6.778498936910182e-05,0.0,0.3181481481481481
6.786540325265378e-05,0.0,0.31777777777777777
6.804985605413094e-05,0.0,0.3174074074074074
6.809212936786935e-05,0.0,0.31703703703703706
6.809360638726503e-05,0.0,0.31666666666666665
6.816908717155457e-05,0.0,0.3162962962962963
6.851134821772575e-05,0.0,0.31592592592592594
6.862152076791972e-05,0.0,0.31555555555555553
6.896353443153203e-05,0.0,0.3151851851851852
6.905834743520245e-05,0.0,0.3148148148148148
6.918976578162983e-05,0.0,0.31444444444444447
6.955989374546334e-05,0.0,0.31407407407407406
6.969365495024249e-05,0.0,0.3137037037037037
6.989348185015842e-05,0.0,0.31333333333333335
6.990592373767868e-05,0.0,0.31296296296296294
7.084901153575629e-05,0.0,0.3125925925925926
7.113431638572365e-05,0.0,0.31222222222222223
7.11534230504185e-05,0.0,0.3118518518518518
7.134971383493394e-05,0.0,0.31148148148148147
7.14030466042459e-05,0.0,0.3111111111111111
7.141513196984306e-05,0.0,0.31074074074074076
7.141960668377578e-05,0.0,0.31037037037037035
7.161213579820469e-05,0.0,0.31
7.189728057710454e-05,0.0,0.30962962962962964
7.1924805524759e-05,0.0,0.30925925925925923
7.30083993403241e-05,0.0,0.3088888888888889
7.304461905732751e-05,0.0,0.3085185185185185
7.348133658524603e-05,0.0,0.30814814814814817
7.390140672214329e-05,0.0,0.30777777777777776
7.399049354717135e-05,0.0,0.3074074074074074
7.410816033370793e-05,0.0,0.30703703703703705
7.425040530506521e-05,0.0,0.30666666666666664
7.439397450070828e-05,0.0,0.3062962962962963
7.452220597770065e-05,0.0,0.30592592592592593
7.457991887349635e-05,0.0,0.3055555555555556
7.462390203727409e-05,0.0,0.30518518518518517
7.479087071260437e-05,0.0,0.3048148148148148
7.498642662540078e-05,0.0,0.30444444444444446
7.502200605813414e-05,0.0,0.30407407407407405
7.534940959885716e-05,0.0,0.3037037037037037
7.536355406045914e-05,0.0,0.30333333333333334
7.546302367700264e-05,0.0,0.302962962962963
7.592735346406698e-05,0.0,0.3025925925925926
7.600140088470653e-05,0.0,0.3022222222222222
7.619589450769126e-05,0.0,0.30185185185185187
7.636546797584742e-05,0.0,0.30148148148148146
7.668224134249613e-05,0.0,0.3011111111111111
7.710276986472309e-05,0.0,0.30074074074074075
7.712895603617653e-05,0.0,0.30037037037037034
7.716349500697106e-05,0.0,0.3
7.770247611915693e-05,0.0,0.29962962962962963
7.791875395923853e-05,0.0,0.2992592592592593
7.835738506400958e-05,0.0,0.29888888888888887
7.849339453969151e-05,0.0,0.2985185185185185
7.868807733757421e-05,0.0,0.29814814814814816
7.885762170189992e-05,0.0,0.29777777777777775
7.903952791821212e-05,0.0,0.2974074074074074
7.90884078014642e-05,0.0,0.29703703703703704
7.966851990204304e-05,0.0,0.2966666666666667
7.98383480287157e-05,0.0,0.2962962962962963
7.988797733560205e-05,0.0,0.2959259259259259
7.99693661974743e-05,0.0,0.29555555555555557
8.032956975512207e-05,0.0,0.29518518518518516
8.047765004448593e-05,0.0,0.2948148148148148
8.067866292549297e-05,0.0,0.29444444444444445
8.074328070506454e-05,0.0,0.2940740740740741
8.078276732703671e-05,0.0,0.2937037037037037
8.087833703029901e-05,0.0,0.29333333333333333
8.1286983913742e-05,0.0,0.292962962962963
8.150808571372181e-05,0.0,0.29259259259259257
8.158187847584486e-05,0.0,0.2922222222222222
8.163439633790404e-05,0.0,0.29185185185185186
8.234981942223385e-05,0.0,0.2914814814814815
8.266619988717139e-05,0.0,0.2911111111111111
8.279447501990944e-05,0.0,0.29074074074074074
8.299319597426802e-05,0.0,0.2903703703703704
8.390876610064879e-05,0.0,0.29
8.421953680226579e-05,0.0,0.2896296296296296
8.470226021017879e-05,0.0,0.28925925925925927
8.508017344865948e-05,0.0,0.28888888888888886
8.508327300660312e-05,0.0,0.2885185185185185
8.519300899934024e-05,0.0,0.28814814814814815
8.529693150194362e-05,0.0,0.2877777777777778
8.550323400413617e-05,0.0,0.2874074074074074
8.565640018787235e-05,0.0,0.28703703703703703
8.572869410272688e-05,0.0,0.2866666666666667
8.613940008217469e-05,0.0,0.28629629629629627
8.633306424599141e-05,0.0,0.2859259259259259
8.686567889526486e-05,0.0,0.28555555555555556
8.688337402418256e-05,0.0,0.2851851851851852
8.697825251147151e-05,0.0,0.2848148148148148
8.754982991376892e-05,0.0,0.28444444444444444
8.778334449743852e-05,0.0,0.2840740740740741
8.779350173426792e-05,0.0,0.2837037037037037
8.780432835919783e-05,0.0,0.2833333333333333
8.784426609054208e-05,0.0,0.28296296296296297
8.80207953741774e-05,0.0,0.2825925925925926
8.876645006239414e-05,0.0,0.2822222222222222
8.908356539905071e-05,0.0,0.28185185185185185
8.912233170121908e-05,0.0,0.2814814814814815
8.912842895369977e-05,0.0,0.2811111111111111
8.920194522943348e-05,0.0,0.28074074074074074
8.927784801926464e-05,0.0,0.2803703703703704
9.013219096232206e-05,0.0,0.28
9.013905946630985e-05,0.0,0.2796296296296296
9.037285053636879e-05,0.0,0.27925925925925926
9.076931746676564e-05,0.0,0.2788888888888889
9.107797086471692e-05,0.0,0.2785185185185185
9.11912793526426e-05,0.0,0.27814814814814814
9.126826626015827e-05,0.0,0.2777777777777778
9.211247379425913e-05,0.0,0.2774074074074074
9.215542377205566e-05,0.0,0.277037037037037
9.226896509062499e-05,0.0,0.27666666666666667
9.29870002437383e-05,0.0,0.2762962962962963
9.32351395022124e-05,0.0,0.2759259259259259
9.36210562940687e-05,0.0,0.27555555555555555
9.375265653943643e-05,0.0,0.2751851851851852
9.432281512999907e-05,0.0,0.2748148148148148
9.667285485193133e-05,0.0,0.27444444444444444
9.70601467997767e-05,0.0,0.2740740740740741
9.732690523378551e-05,0.0,0.2737037037037037
9.743600094225258e-05,0.0,0.2733333333333333
9.74955182755366e-05,0.0,0.27296296296296296
9.762529225554317e-05,0.0,0.2725925925925926
9.81077755568549e-05,0.0,0.2722222222222222
9.81510675046593e-05,0.0,0.27185185185185184
9.827410394791514e-05,0.0,0.2714814814814815
9.850312198977917e-05,0.0,0.27111111111111114
9.928291547112167e-05,0.0,0.2707407407407407
9.955092536984012e-05,0.0,0.27037037037037037
9.967500227503479e-05,0.0,0.27
9.984249481931329e-05,0.0,0.2696296296296296
0.00010029273107647896,0.0,0.26925925925925925
0.00010031227429863065,0.0,0.2688888888888889
0.00010046931856777519,0.0,0.26851851851851855
0.00010047396790469065,0.0,0.26814814814814814
0.00010071050201077014,0.0,0.2677777777777778
0.00010077278420794755,0.0,0.2674074074074074
0.00010078472405439243,0.0,0.267037037037037
0.00010126111737918109,0.0,0.26666666666666666
0.00010155908239539713,0.0,0.2662962962962963
0.00010263770673191175,0.0,0.2659259259259259
0.00010279138223268092,0.0,0.26555555555555554
0.00010306650074198842,0.0,0.2651851851851852
0.00010307135380571708,0.0,0.26481481481481484
0.0001031308202072978,0.0,0.2644444444444444
0.0001031952997436747,0.0,0.26407407407407407
0.00010327104246243834,0.0,0.2637037037037037
0.00010353475954616442,0.0,0.2633333333333333
0.00010404479689896107,0.0,0.26296296296296295
0.00010416305303806439,0.0,0.2625925925925926
0.00010445418593008071,0.0,0.26222222222222225
0.00010452041897224262,0.0,0.26185185185185184
0.00010452288552187383,0.0,0.2614814814814815
0.00010558926442172378,0.0,0.2611111111111111
0.00010589780140435323,0.0,0.2607407407407407
0.00010591695172479376,0.0,0.26037037037037036
0.00010597707296255976,0.0,0.26
0.00010654988727765158,0.0,0.25962962962962965
0.00010699394624680281,0.0,0.25925925925925924
0.00010702830331865698,0.0,0.2588888888888889
0.00010755549737950787,0.0,0.25851851851851854
0.00010799388837767765,0.0,0.2581481481481481
0.00010865335207199678,0.0,0.2577777777777778
0.00010906133684329689,0.0,0.2574074074074074
0.0001091178273782134,0.0,0.25703703703703706
0.00010964614193653688,0.0,0.25666666666666665
0.00011032356997020543,0.0,0.2562962962962963
0.00011097780952695757,0.0,0.25592592592592595
0.00011109357001259923,0.0,0.25555555555555554
0.00011115468078060076,0.0,0.2551851851851852
0.00011131163773825392,0.0,0.2548148148148148
0.00011177696433151141,0.0,0.2544444444444444
0.00011197236744919792,0.0,0.25407407407407406
0.00011254231503698975,0.0,0.2537037037037037
0.0001125567068811506,0.0,0.25333333333333335
0.00011314637959003448,0.0,0.25296296296296295
0.00011386643745936453,0.0,0.2525925925925926
0.0001138857114710845,0.0,0.25222222222222224
0.00011429644655436277,0.0,0.2518518518518518
0.00011432825704105198,0.0,0.2514814814814815
0.0001147271177615039,0.0,0.2511111111111111
0.00011702063784468919,0.0,0.25074074074074076
0.00011743028153432533,0.0,0.25037037037037035
0.0001177284648292698,0.0,0.25
0.00011774603626690805,0.0,0.24962962962962962
0.00011791054566856474,0.0,0.24925925925925926
0.00011800577340181917,0.0,0.24888888888888888
0.00011817429913207889,0.0,0.24851851851851853
0.00011860817903652787,0.0,0.24814814814814815
0.00011867690773215145,0.0,0.2477777777777778
0.00011925803846679628,0.0,0.2474074074074074
0.00011945830920012668,0.0,0.24703703703703703
0.00011955804075114429,0.0,0.24666666666666667
0.00012250267900526524,0.0,0.2462962962962963
0.00012322673865128309,0.0,0.24592592592592594
0.0001232440408784896,0.0,0.24555555555555555
0.0001238562836078927,0.0,0.24518518518518517
0.00012405385496094823,0.0,0.24481481481481482
0.0001253266673302278,0.0,0.24444444444444444
0.0001257697440451011,0.0,0.24407407407407408
0.0001258746488019824,0.0,0.2437037037037037
0.0001264069287572056,0.0,0.24333333333333335
0.00012646985123865306,0.0,0.24296296296296296
0.0001266150502488017,0.0,0.24259259259259258
0.00012694660108536482,0.0,0.24222222222222223
0.00012738292571157217,0.0,0.24185185185185185
0.0001282401935895905,0.0,0.2414814814814815
0.00012877598055638373,0.0,0.2411111111111111
0.0001293496461585164,0.0,0.24074074074074073
0.00012936632265336812,0.0,0.24037037037037037
0.00012941821478307247,0.0,0.24
0.00012960555613972247,0.0,0.23962962962962964
0.00013010446855332702,0.0,0.23925925925925925
0.0001309053914155811,0.0,0.2388888888888889
0.00013108778512105346,0.0,0.23851851851851852
0.00013207076699472964,0.0,0.23814814814814814
0.00013402925105765462,0.0,0.23777777777777778
0.00013470267003867775,0.0,0.2374074074074074
0.00013489236880559474,0.0,0.23703703703703705
0.00013489551201928407,0.0,0.23666666666666666
0.0001353918487438932,0.0,0.2362962962962963
0.00013539966312237084,0.0,0.23592592592592593
0.00013609588495455682,0.0,0.23555555555555555
0.00013724566088058054,0.0,0.2351851851851852
0.0001373016566503793,0.0,0.2348148148148148
0.00013822645996697247,0.0,0.23444444444444446
0.0001382406917400658,0.0,0.23407407407407407
0.00013960879005026072,0.0,0.2337037037037037
0.00014073803322389722,0.0,0.23333333333333334
0.00014102553541306406,0.0,0.23296296296296296
0.00014197696873452514,0.0,0.2325925925925926
0.00014249919331632555,0.0,0.23222222222222222
0.00014282818301580846,0.0,0.23185185185185186
0.00014398292114492506,0.0,0.23148148148148148
0.0001447102113161236,0.0,0.2311111111111111
0.00014476579963229597,0.0,0.23074074074074075
0.0001448668190278113,0.0,0.23037037037037036
0.0001468338305130601,0.0,0.23
0.00014716105943080038,0.0,0.22962962962962963
0.0001475652097724378,0.0,0.22925925925925925
0.00014763526269234717,0.0,0.2288888888888889
0.00014815441682003438,0.0,0.2285185185185185
0.00014866831770632416,0.0,0.22814814814814816
0.00014993103104643524,0.0,0.22777777777777777
0.00015013429219834507,0.0,0.22740740740740742
0.00015064308536238968,0.0,0.22703703703703704
0.0001513702591182664,0.0,0.22666666666666666
0.0001518070639576763,0.0,0.2262962962962963
0.00015336032083723694,0.0,0.22592592592592592
0.00015363030252046883,0.0,0.22555555555555556
0.00015408889157697558,0.0,0.22518518518518518
0.00015464206808246672,0.0,0.22481481481481483
0.00015466546756215394,0.0,0.22444444444444445
0.0001559586526127532,0.0,0.22407407407407406
0.00015599130711052567,0.0,0.2237037037037037
0.00015698435890953988,0.0,0.22333333333333333
0.00015725725097581744,0.0,0.22296296296296297
0.0001573355693835765,0.0,0.2225925925925926
0.00015862102736718953,0.0,0.2222222222222222
0.00015968584921211004,0.0,0.22185185185185186
0.00015976581198628992,0.0,0.22148148148148147
0.00016021104238461703,0.0,0.22111111111111112
0.00016221798432525247,0.0,0.22074074074074074
0.00016268115723505616,0.0,0.22037037037037038
0.000163108081324026,0.0,0.22
0.00016458897152915597,0.0,0.21962962962962962
0.00016806062194518745,0.0,0.21925925925925926
0.00016809237422421575,0.0,0.21888888888888888
0.00016884453361853957,0.0,0.21851851851851853
0.00016902998322620988,0.0,0.21814814814814815
0.00016914703883230686,0.0,0.21777777777777776
0.0001694188977126032,0.0,0.2174074074074074
0.00017067321459762752,0.0,0.21703703703703703
0.00017257267609238625,0.0,0.21666666666666667
0.00017257775471080095,0.0,0.2162962962962963
0.00017464670236222446,0.0,0.21592592592592594
0.00017525177099741995,0.0,0.21555555555555556
0.0001756371057126671,0.0,0.21518518518518517
0.00017632162780500948,0.0,0.21481481481481482
0.00017681911413092166,0.0,0.21444444444444444
0.0001775798009475693,0.0,0.21407407407407408
0.00017779208428692073,0.0,0.2137037037037037
0.00017793949518818408,0.0,0.21333333333333335
0.00017805247625801712,0.0,0.21296296296296297
0.00017809768905863166,0.0,0.21259259259259258
0.00017886911518871784,0.0,0.21222222222222223
0.0001803183986339718,0.0,0.21185185185185185
0.00018269634165335447,0.0,0.2114814814814815
0.00018459779676049948,0.0,0.2111111111111111
0.00018847742467187345,0.0,0.21074074074074073
0.00019086862448602915,0.0,0.21037037037037037
0.00019110228458885103,0.0,0.21
0.00019183952827006578,0.0,0.20962962962962964
0.0001921648799907416,0.0,0.20925925925925926
0.00019330831128172576,0.0,0.2088888888888889
0.00019337513367645442,0.0,0.20851851851851852
0.0001942513044923544,0.0,0.20814814814814814
0.00019470613915473223,0.0,0.20777777777777778
0.00019532759324647486,0.0,0.2074074074074074
0.0001955130137503147,0.0,0.20703703703703705
0.00019708662875927985,0.0,0.20666666666666667
0.0001974065089598298,0.0,0.20629629629629628
0.00019748765043914318,0.0,0.20592592592592593
0.00019796821288764477,0.0,0.20555555555555555
0.00019812770187854767,0.0,0.2051851851851852
0.0001985742710530758,0.0,0.2048148148148148
0.0002009744057431817,0.0,0.20444444444444446
0.00020453175238799304,0.0,0.20407407407407407
0.00020491128088906407,0.0,0.2037037037037037
0.00020496062643360347,0.0,0.20333333333333334
0.000206413387786597,0.0,0.20296296296296296
0.00020652113016694784,0.0,0.2025925925925926
0.0002066899905912578,0.0,0.20222222222222222
0.00020685192430391908,0.0,0.20185185185185187
0.00020695096463896334,0.0,0.20148148148148148
0.00020697196305263788,0.0,0.2011111111111111
0.0002074486401397735,0.0,0.20074074074074075
0.0002085098240058869,0.0,0.20037037037037037
0.00020881197997368872,0.0,0.2
0.0002097010292345658,0.0,0.19962962962962963
0.00021231817663647234,0.0,0.19925925925925925
0.00021270624711178243,0.0,0.1988888888888889
0.0002134689420927316,0.0,0.1985185185185185
0.00021384184947237372,0.0,0.19814814814814816
0.00021435314556583762,0.0,0.19777777777777777
0.0002148449857486412,0.0,0.19740740740740742
0.0002149628708139062,0.0,0.19703703703703704
0.00021497922716662288,0.0,0.19666666666666666
0.0002150752698071301,0.0,0.1962962962962963
0.0002174232213292271,0.0,0.19592592592592592
0.00021791245671920478,0.0,0.19555555555555557
0.00021882500732317567,0.0,0.19518518518518518
0.00022052280837669969,0.0,0.1948148148148148
0.0002208587247878313,0.0,0.19444444444444445
0.00022098966292105615,0.0,0.19407407407407407
0.00022413820261135697,0.0,0.1937037037037037
0.00022470889962278306,0.0,0.19333333333333333
0.00022669097234029323,0.0,0.19296296296296298
0.00022677764354739338,0.0,0.1925925925925926
0.00022871323744766414,0.0,0.1922222222222222
0.00023224481265060604,0.0,0.19185185185185186
0.00023278960725292563,0.0,0.19148148148148147
0.0002336009929422289,0.0,0.19111111111111112
0.00023465868434868753,0.0,0.19074074074074074
0.00023563779541291296,0.0,0.19037037037037038
0.00023809063713997602,0.0,0.19
0.00024197612947318703,0.0,0.18962962962962962
0.00024269010464195162,0.0,0.18925925925925927
0.00024383937125094235,0.0,0.18888888888888888
0.00024400593247264624,0.0,0.18851851851851853
0.00024419478722848,0.0,0.18814814814814815
0.00024632230633869767,0.0,0.18777777777777777
0.00025497039314359426,0.0,0.1874074074074074
0.00025790248764678836,0.0,0.18703703703703703
0.000258376298006624,0.0,0.18666666666666668
0.00025849376106634736,0.0,0.1862962962962963
0.000259868276771158,0.0,0.18592592592592594
0.00026045640697702765,0.0,0.18555555555555556
0.00026111077750101686,0.0,0.18518518518518517
0.00026258404250256717,0.0,0.18481481481481482
0.00026284297928214073,0.0,0.18444444444444444
0.0002644763153512031,0.0,0.18407407407407408
0.0002677787560969591,0.0,0.1837037037037037
0.0002681711921468377,0.0,0.18333333333333332
0.0002685714280232787,0.0,0.18296296296296297
0.0002696430019568652,0.0,0.18259259259259258
0.00027258595218881965,0.0,0.18222222222222223
0.0002737413451541215,0.0,0.18185185185185185
0.0002739262708928436,0.0,0.1814814814814815
0.00027540698647499084,0.0,0.1811111111111111
0.00027573894476518035,0.0,0.18074074074074073
0.00027709099231287837,0.0,0.18037037037037038
0.00027903434238396585,0.0,0.18
0.00027994567062705755,0.0,0.17962962962962964
0.0002807359560392797,0.0,0.17925925925925926
0.00028135839966125786,0.0,0.17888888888888888
0.0002821614616550505,0.0,0.17851851851851852
0.00028383583412505686,0.0,0.17814814814814814
0.00028435050626285374,0.0,0.17777777777777778
0.0002858286607079208,0.0,0.1774074074074074
0.00028602202655747533,0.0,0.17703703703703705
0.0002870071621146053,0.0,0.17666666666666667
0.00028841107268817723,0.0,0.17629629629629628
0.00028852385003119707,0.0,0.17592592592592593
0.00028882993501611054,0.0,0.17555555555555555
0.0003005661419592798,0.0,0.1751851851851852
0.000301623425912112,0.0,0.1748148148148148
0.00030415382934734225,0.0,0.17444444444444446
0.00030902071739546955,0.0,0.17407407407407408
0.0003097277949564159,0.0,0.1737037037037037
0.0003118845052085817,0.0,0.17333333333333334
0.0003148391842842102,0.0,0.17296296296296296
0.0003186662797816098,0.0,0.1725925925925926
0.00031904608476907015,0.0,0.17222222222222222
0.0003206015098839998,0.0,0.17185185185185184
0.00032168254256248474,0.0,0.17148148148148148
0.00032401690259575844,0.0,0.1711111111111111
0.0003241205122321844,0.0,0.17074074074074075
0.0003318440867587924,0.0,0.17037037037037037
0.0003325799771118909,0.0,0.17
0.0003357195819262415,0.0,0.16962962962962963
0.00034420291194692254,0.0,0.16925925925925925
0.00034640030935406685,0.0,0.1688888888888889
0.00034900163882412016,0.0,0.1685185185185185
0.00035028430284000933,0.0,0.16814814814814816
0.0003524109779391438,0.0,0.16777777777777778
0.00035317367292009294,0.0,0.1674074074074074
0.0003534439892973751,0.0,0.16703703703703704
0.0003600092022679746,0.0,0.16666666666666666
0.0003634357126429677,0.0,0.1662962962962963
0.0003657205088529736,0.0,0.16592592592592592
0.0003661538939923048,0.0,0.16555555555555557
0.00036851383629254997,0.0,0.16518518518518518
0.000373212737031281,0.0,0.1648148148148148
0.0003742361441254616,0.0,0.16444444444444445
0.0003778827376663685,0.0,0.16407407407407407
0.00038048456190153956,0.0,0.1637037037037037
0.0003844485036097467,0.0,0.16333333333333333
0.0003846427716780454,0.0,0.16296296296296298
0.0003942856565117836,0.0,0.1625925925925926
0.0003987975651398301,0.0,0.1622222222222222
0.0004003862268291414,0.0,0.16185185185185186
0.0004086036351509392,0.0,0.16148148148148148
0.0004150485328864306,0.0,0.16111111111111112
0.00041557179065421224,0.0,0.16074074074074074
0.00041706953197717667,0.0,0.16037037037037036
0.00041738187428563833,0.0,0.16
0.0004176872316747904,0.0,0.15962962962962962
0.00042593118268996477,0.0,0.15925925925925927
0.0004284661263227463,0.0,0.15888888888888889
0.0004286313778720796,0.0,0.15851851851851853
0.0004320431617088616,0.0,0.15814814814814815
0.0004338076105341315,0.0,0.15777777777777777
0.00043896338320337236,0.0,0.1574074074074074
0.00043972948333248496,0.0,0.15703703703703703
0.0004433330032043159,0.0,0.15666666666666668
0.0004455259768292308,0.0,0.1562962962962963
0.000449240964371711,0.0,0.1559259259259259
0.0004498954804148525,0.0,0.15555555555555556
0.0004506482509896159,0.0,0.15518518518518518
0.00045404810225591063,0.0,0.15481481481481482
0.0004606952134054154,0.0,0.15444444444444444
0.0004642835701815784,0.0,0.15407407407407409
0.000464521290268749,0.0,0.1537037037037037
0.0004650939954444766,0.0,0.15333333333333332
0.00046544495853595436,0.0,0.15296296296296297
0.00046803924487903714,0.0,0.15259259259259259
0.00046811916399747133,0.0,0.15222222222222223
0.00047141642426140606,0.0,0.15185185185185185
0.0004723366000689566,0.0,0.1514814814814815
0.0004724527825601399,0.0,0.1511111111111111
0.0004773756954818964,0.0,0.15074074074074073
0.0004793942207470536,0.0,0.15037037037037038
0.0004830168327316642,0.0,0.15
0.0004873418074566871,0.0,0.14962962962962964
0.0004943307721987367,0.0,0.14925925925925926
0.0004962474340572953,0.0,0.14888888888888888
0.0004995653289370239,0.0,0.14851851851851852
0.0005021054530516267,0.0,0.14814814814814814
0.000504879979416728,0.0,0.14777777777777779
0.000509323668666184,0.0,0.1474074074074074
0.0005095661617815495,0.0,0.14703703703703705
0.0005119020934216678,0.0,0.14666666666666667
0.0005212417454458773,0.0,0.14629629629629629
0.0005218343576416373,0.0,0.14592592592592593
0.0005369789432734251,0.0,0.14555555555555555
0.0005388585850596428,0.0,0.1451851851851852
0.0005417405627667904,0.0,0.1448148148148148
0.0005418161163106561,0.0,0.14444444444444443
0.0005437482031993568,0.0,0.14407407407407408
0.0005463508423417807,0.0,0.1437037037037037
0.0005605670739896595,0.0,0.14333333333333334
0.0005626058555208147,0.0,0.14296296296296296
0.0005628843791782856,0.0,0.1425925925925926
0.0005705159273929894,0.0,0.14222222222222222
0.0005714634899049997,0.0,0.14185185185185184
0.0005738032632507384,0.0,0.14148148148148149
0.0005985049065202475,0.0,0.1411111111111111
0.0006035658298060298,0.0,0.14074074074074075
0.0006043130997568369,0.0,0.14037037037037037
0.0006045467453077435,0.0,0.14
0.0006055921548977494,0.0,0.13962962962962963
0.0006071580573916435,0.0,0.13925925925925925
0.0006134571740403771,0.0,0.1388888888888889
0.0006193703156895936,0.0,0.1385185185185185
0.0006301760440692306,0.0,0.13814814814814816
0.0006318878731690347,0.0,0.13777777777777778
0.0006419819546863437,0.0,0.1374074074074074
0.0006425249157473445,0.0,0.13703703703703704
0.0006484074983745813,0.0,0.13666666666666666
0.0006679288344457746,0.0,0.1362962962962963
0.0006698508514091372,0.0,0.13592592592592592
0.0006711046444252133,0.0,0.13555555555555557
0.00068026187364012,0.0,0.13518518518518519
0.0006850574864074588,0.0,0.1348148148148148
0.0006858938140794635,0.0,0.13444444444444445
0.0007131135789677501,0.0,0.13407407407407407
0.0007265033200383186,0.0,0.1337037037037037
0.0007280923309735954,0.0,0.13333333333333333
0.0007286681793630123,0.0,0.13296296296296295
0.0007335856789723039,0.0,0.1325925925925926
0.0007375741843134165,0.0,0.1322222222222222
0.0007410029647871852,0.0,0.13185185185185186
0.0007488527917303145,0.0,0.13148148148148148
0.0007495494792237878,0.0,0.13111111111111112
0.0007499789353460073,0.0,0.13074074074074074
0.0007573599577881396,0.0,0.13037037037037036
0.0007666036253795028,0.0,0.13
0.0007695383974350989,0.0,0.12962962962962962
0.0007798922597430646,0.0,0.12925925925925927
0.0007833626586943865,0.0,0.1288888888888889
0.0007932352018542588,0.0,0.12851851851851853
0.0007950932485982776,0.0,0.12814814814814815
0.000799332105088979,0.0,0.12777777777777777
0.0008249949896708131,0.0,0.1274074074074074
0.0008263408672064543,0.0,0.12703703703703703
0.0008336295722983778,0.0,0.12666666666666668
0.0008343603694811463,0.0,0.1262962962962963
0.0008433143375441432,0.0,0.1259259259259259
0.0008439269149675965,0.0,0.12555555555555556
0.0008465489372611046,0.0,0.12518518518518518
0.0008474596543237567,0.0,0.12481481481481481
0.000850738724693656,0.0,0.12444444444444444
0.000858537619933486,0.0,0.12407407407407407
0.0008592884405516088,0.0,0.1237037037037037
0.0008610057993791997,0.0,0.12333333333333334
0.0008720195619389415,0.0,0.12296296296296297
0.0008729247492738068,0.0,0.12259259259259259
0.0008837925270199776,0.0,0.12222222222222222
0.0008905720897018909,0.0,0.12185185185185185
0.0008961282437667251,0.0,0.12148148148148148
0.0008998628472909331,0.0,0.12111111111111111
0.0009005393949337304,0.0,0.12074074074074075
0.0009018814889714122,0.0,0.12037037037037036
0.0009111004183068871,0.0,0.12
0.0009156924788840115,0.0,0.11962962962962963
0.0009183800430037081,0.0,0.11925925925925926
0.0009492356330156326,0.0,0.11888888888888889
0.0009496355196461082,0.0,0.11851851851851852
0.0009571370901539922,0.0,0.11814814814814815
0.0009626662940718234,0.0,0.11777777777777777
0.0009631502325646579,0.0,0.1174074074074074
0.000969194807112217,0.0,0.11703703703703704
0.00097368418937549,0.0,0.11666666666666667
0.0009737594518810511,0.0,0.1162962962962963
0.0009738567168824375,0.0,0.11592592592592593
0.0009965505450963974,0.0,0.11555555555555555
0.0010021566413342953,0.0,0.11518518518518518
0.0010034383740276098,0.0,0.11481481481481481
0.0010065095266327262,0.0,0.11444444444444445
0.001007120474241674,0.0,0.11407407407407408
0.0010174167109653354,0.0,0.11370370370370371
0.001024802215397358,0.0,0.11333333333333333
0.0010287787299603224,0.0,0.11296296296296296
0.0010682011488825083,0.0,0.11259259259259259
0.0010742746526375413,0.0,0.11222222222222222
0.0010898798936977983,0.0,0.11185185185185186
0.0011020812671631575,0.0,0.11148148148148149
0.0011103010037913918,0.0,0.1111111111111111
0.0011161715956404805,0.0,0.11074074074074074
0.0011228632647544146,0.0,0.11037037037037037
0.001125399605371058,0.0,0.11
0.0011335138697177172,0.0,0.10962962962962963
0.0011394709581509233,0.0,0.10925925925925926
0.0011618240969255567,0.0,0.10888888888888888
0.0011671393876895308,0.0,0.10851851851851851
0.0011849887669086456,0.0,0.10814814814814815
0.0011887368746101856,0.0,0.10777777777777778
0.001198250101879239,0.0,0.10740740740740741
0.001257551135495305,0.0,0.10703703703703704
0.0012675289763137698,0.0,0.10666666666666667
0.0012797589879482985,0.0,0.10629629629629629
0.001288202009163797,0.0,0.10592592592592592
0.0012959592277184129,0.0,0.10555555555555556
0.0013250501360744238,0.0,0.10518518518518519
0.0013421946205198765,0.0,0.10481481481481482
0.001352308550849557,0.0,0.10444444444444445
0.001359469722956419,0.0,0.10407407407407407
0.0013852447737008333,0.0,0.1037037037037037
0.0014045035932213068,0.0,0.10333333333333333
0.0014358442276716232,0.0,0.10296296296296296
0.0014368967385962605,0.0,0.1025925925925926
0.00147237756755203,0.0,0.10222222222222223
0.0015063629252836108,0.0,0.10185185185185185
0.00150682230014354,0.0,0.10148148148148148
0.0015600898768752813,0.0,0.10111111111111111
0.0015655807219445705,0.0,0.10074074074074074
0.001577298273332417,0.0,0.10037037037037037
0.0015947220381349325,0.0,0.1
0.0016094261081889272,0.0,0.09962962962962962
0.0016219645040109754,0.0,0.09925925925925926
0.0016220465768128633,0.0,0.09888888888888889
0.0016404411289840937,0.0,0.09851851851851852
0.0016479567857459188,0.0,0.09814814814814815
0.001684987568296492,0.0,0.09777777777777778
0.0017091287299990654,0.0,0.0974074074074074
0.0017602287698537111,0.0,0.09703703703703703
0.0017629254143685102,0.0,0.09666666666666666
0.0017834196332842112,0.0,0.0962962962962963
0.0018022422445937991,0.0,0.09592592592592593
0.0018347748555243015,0.0,0.09555555555555556
0.00185243075247854,0.0,0.09518518518518519
0.0019208146259188652,0.0,0.09481481481481481
0.00196733302436769,0.0,0.09444444444444444
0.0019717449322342873,0.0,0.09407407407407407
0.0019899269100278616,0.0,0.0937037037037037
0.0020214891992509365,0.0,0.09333333333333334
0.0020293709821999073,0.0,0.09296296296296297
0.002055233810096979,0.0,0.09259259259259259
0.0020770402625203133,0.0,0.09222222222222222
0.0020867271814495325,0.0,0.09185185185185185
0.0021388647146523,0.0,0.09148148148148148
0.002189388033002615,0.0,0.09111111111111111
0.002231333404779434,0.0,0.09074074074074075
0.0022894141729921103,0.0,0.09037037037037036
0.0023421982768923044,0.0,0.09
0.0023497282527387142,0.0,0.08962962962962963
0.002357201185077429,0.0,0.08925925925925926
0.0023852663580328226,0.0,0.08888888888888889
0.0023964280262589455,0.0,0.08851851851851852
0.0024202344939112663,0.0,0.08814814814814814
0.002451455220580101,0.0,0.08777777777777777
0.0024516875855624676,0.0,0.0874074074074074
0.0025309689808636904,0.0,0.08703703703703704
0.002585076494142413,0.0,0.08666666666666667
0.002665338572114706,0.0,0.0862962962962963
0.0026839321944862604,0.0,0.08592592592592592
0.002712966874241829,0.0,0.08555555555555555
0.002795326290652156,0.0,0.08518518518518518
0.002855166792869568,0.0,0.08481481481481482
0.002903308253735304,0.0,0.08444444444444445
0.002944539999589324,0.0,0.08407407407407408
0.002951255766674876,0.0,0.0837037037037037
0.0029774035792797804,0.0,0.08333333333333333
0.003012458560988307,0.0,0.08296296296296296
0.0030664834193885326,0.0,0.08259259259259259
0.0031169827561825514,0.0,0.08222222222222222
0.0031968746334314346,0.0,0.08185185185185186
0.003249041736125946,0.0,0.08148148148148149
0.0033524869941174984,0.0,0.0811111111111111
0.0034885252825915813,0.0,0.08074074074074074
0.003543785773217678,0.0,0.08037037037037037
0.0035954611375927925,0.0,0.08
0.0036019962280988693,0.0,0.07962962962962963
0.0036199823953211308,0.0,0.07925925925925927
0.0037673120386898518,0.0,0.07888888888888888
0.003834314178675413,0.0,0.07851851851851852
0.0038485564291477203,0.0,0.07814814814814815
0.0038840854540467262,0.0,0.07777777777777778
0.00407200725749135,0.0,0.07740740740740741
0.004163969773799181,0.0,0.07703703703703704
0.004173748195171356,0.0,0.07666666666666666
0.004227865021675825,0.0,0.07629629629629629
0.00422873068600893,0.0,0.07592592592592592
0.004302540328353643,0.0,0.07555555555555556
0.004308186937123537,0.0,0.07518518518518519
0.004353797994554043,0.0,0.07481481481481482
0.004374627955257893,0.0,0.07444444444444444
0.0044887131080031395,0.0,0.07407407407407407
0.004672704730182886,0.0,0.0737037037037037
0.004761002957820892,0.0,0.07333333333333333
0.004934392869472504,0.0,0.07296296296296297
0.005016318056732416,0.0,0.0725925925925926
0.005025563295930624,0.0,0.07222222222222222
0.0050391242839396,0.0,0.07185185185185185
0.005290679633617401,0.0,0.07148148148148148
0.005637256428599358,0.0,0.07111111111111111
0.005976209882646799,0.0,0.07074074074074074
0.006077788770198822,0.0,0.07037037037037037
0.0062028816901147366,0.0,0.07
0.0063415109179914,0.0,0.06962962962962962
0.006473963614553213,0.0,0.06925925925925926
0.006980810314416885,0.0,0.06888888888888889
0.0072449371218681335,0.0,0.06851851851851852
0.007577052805572748,0.0,0.06814814814814815
0.007663550321012735,0.0,0.06777777777777778
0.008137471973896027,0.0,0.0674074074074074
0.008213024586439133,0.0,0.06703703703703703
0.00886633712798357,0.0,0.06666666666666667
0.009337215684354305,0.0,0.0662962962962963
0.010599940083920956,0.0,0.06592592592592593
0.010661778971552849,0.0,0.06555555555555556
0.01068183220922947,0.0,0.06518518518518518
0.011325602419674397,0.0,0.06481481481481481
0.011826226487755775,0.0,0.06444444444444444
0.011920705437660217,0.0,0.06407407407407407
0.011978469789028168,0.0,0.0637037037037037
0.012039251625537872,0.0,0.06333333333333334
0.01316055003553629,0.0,0.06296296296296296
0.01346610113978386,0.0,0.06259259259259259
0.014020640403032303,0.0,0.06222222222222222
0.014610246755182743,0.0,0.06185185185185185
0.014635832980275154,0.0,0.061481481481481484
0.014895026572048664,0.0,0.06111111111111111
0.01580655761063099,0.0033333333333332993,0.06111111111111111
0.01604136824607849,0.0033333333333332993,0.06074074074074074
0.017153533175587654,0.0033333333333332993,0.06037037037037037
0.018527861684560776,0.0033333333333332993,0.06
0.018613874912261963,0.0033333333333332993,0.05962962962962963
0.01863142102956772,0.0033333333333332993,0.05925925925925926
0.01890663616359234,0.0033333333333332993,0.058888888888888886
0.019452044740319252,0.0033333333333332993,0.05851851851851852
0.020766034722328186,0.0033333333333332993,0.05814814814814815
0.020893696695566177,0.0033333333333332993,0.057777777777777775
0.020980309695005417,0.0033333333333332993,0.05740740740740741
0.021039621904492378,0.0033333333333332993,0.05703703703703704
0.021168077364563942,0.0033333333333332993,0.056666666666666664
0.021528372541069984,0.0033333333333332993,0.056296296296296296
0.02255457639694214,0.0033333333333332993,0.05592592592592593
0.023170938715338707,0.0033333333333332993,0.05555555555555555
0.024200839921832085,0.0033333333333332993,0.055185185185185184
0.02471979148685932,0.0033333333333332993,0.054814814814814816
0.025508947670459747,0.0033333333333332993,0.05444444444444444
0.026719816029071808,0.0033333333333332993,0.05407407407407407
0.02780154161155224,0.0033333333333332993,0.053703703703703705
0.02922241762280464,0.0033333333333332993,0.05333333333333334
0.029228579252958298,0.0033333333333332993,0.05296296296296296
0.029558300971984863,0.0033333333333332993,0.052592592592592594
0.029919853433966637,0.0033333333333332993,0.052222222222222225
0.031463123857975006,0.0033333333333332993,0.05185185185185185
0.03389901667833328,0.0033333333333332993,0.05148148148148148
0.03410090506076813,0.0033333333333332993,0.051111111111111114
0.03517511114478111,0.0033333333333332993,0.05074074074074074
0.036372408270835876,0.0033333333333332993,0.05037037037037037
0.03704863786697388,0.0033333333333332993,0.05
0.0373489074409008,0.0033333333333332993,0.04962962962962963
0.03737051784992218,0.0033333333333332993,0.04925925925925926
0.045907944440841675,0.0033333333333332993,0.04888888888888889
0.04715133458375931,0.0033333333333332993,0.048518518518518516
0.047213710844516754,0.0033333333333332993,0.04814814814814815
0.05347861722111702,0.00666666666666671,0.04814814814814815
0.05394221097230911,0.00666666666666671,0.04777777777777778
0.05489440634846687,0.00666666666666671,0.047407407407407405
0.05754294991493225,0.00666666666666671,0.04703703703703704
0.05816693231463432,0.013333333333333308,0.04703703703703704
0.05884376913309097,0.01666666666666672,0.04703703703703704
0.061473727226257324,0.01666666666666672,0.04666666666666667
0.07578068971633911,0.01666666666666672,0.046296296296296294
0.07588216662406921,0.01666666666666672,0.045925925925925926
0.07857784628868103,0.01666666666666672,0.04555555555555556
0.08047297596931458,0.01666666666666672,0.04518518518518518
0.08171623200178146,0.01666666666666672,0.044814814814814814
0.08958718180656433,0.01666666666666672,0.044444444444444446
0.09376218914985657,0.01666666666666672,0.04407407407407407
0.09679818898439407,0.01666666666666672,0.0437037037037037
0.09836970269680023,0.01666666666666672,0.043333333333333335
0.11613381654024124,0.01666666666666672,0.04296296296296296
0.11704854667186737,0.026666666666666616,0.04296296296296296
0.1170947477221489,0.026666666666666616,0.04259259259259259
0.12298198789358139,0.026666666666666616,0.042222222222222223
0.1255865842103958,0.030000000000000027,0.042222222222222223
0.12943589687347412,0.030000000000000027,0.04185185185185185
0.13123589754104614,0.033333333333333326,0.04185185185185185
0.1355418860912323,0.033333333333333326,0.04148148148148148
0.13602128624916077,0.033333333333333326,0.04111111111111111
0.13845781981945038,0.033333333333333326,0.040740740740740744
0.14028218388557434,0.033333333333333326,0.04037037037037037
0.1429220587015152,0.033333333333333326,0.04
0.1432906985282898,0.033333333333333326,0.03962962962962963
0.14409983158111572,0.033333333333333326,0.03925925925925926
0.14453577995300293,0.033333333333333326,0.03888888888888889
0.14792782068252563,0.033333333333333326,0.03851851851851852
0.1480552852153778,0.033333333333333326,0.038148148148148146
0.1531175971031189,0.033333333333333326,0.03777777777777778
0.15802794694900513,0.033333333333333326,0.03740740740740741
0.16257557272911072,0.033333333333333326,0.037037037037037035
0.1646159589290619,0.033333333333333326,0.03666666666666667
0.1661350131034851,0.036666666666666625,0.03666666666666667
0.1678164154291153,0.040000000000000036,0.03666666666666667
0.17238649725914001,0.040000000000000036,0.0362962962962963
0.17632606625556946,0.040000000000000036,0.035925925925925924
0.18577314913272858,0.040000000000000036,0.035555555555555556
0.18760283291339874,0.040000000000000036,0.03518518518518519
0.19056940078735352,0.040000000000000036,0.03481481481481481
0.1907823234796524,0.040000000000000036,0.034444444444444444
0.2027401626110077,0.040000000000000036,0.034074074074074076
0.20836187899112701,0.040000000000000036,0.0337037037037037
0.21211972832679749,0.043333333333333335,0.0337037037037037
0.2152400016784668,0.043333333333333335,0.03333333333333333
0.22933338582515717,0.043333333333333335,0.032962962962962965
0.23652507364749908,0.043333333333333335,0.03259259259259259
0.24010954797267914,0.043333333333333335,0.03222222222222222
0.24364899098873138,0.043333333333333335,0.03185185185185185
0.24578839540481567,0.043333333333333335,0.03148148148148148
0.25178998708724976,0.043333333333333335,0.03111111111111111
0.263340562582016,0.043333333333333335,0.030740740740740742
0.2638648748397827,0.043333333333333335,0.03037037037037037
0.2674475312232971,0.043333333333333335,0.03
0.272747665643692,0.046666666666666634,0.03
0.2947697341442108,0.046666666666666634,0.02962962962962963
0.29481178522109985,0.046666666666666634,0.02925925925925926
0.3027270436286926,0.046666666666666634,0.028888888888888888
0.3035188317298889,0.046666666666666634,0.02851851851851852
0.3042448163032532,0.046666666666666634,0.028148148148148148
0.3091641664505005,0.046666666666666634,0.027777777777777776
0.3224887251853943,0.046666666666666634,0.027407407407407408
0.34865644574165344,0.046666666666666634,0.027037037037037037
0.36042940616607666,0.046666666666666634,0.02666666666666667
0.37555840611457825,0.050000000000000044,0.02666666666666667
0.3894908130168915,0.050000000000000044,0.026296296296296297
0.3924434781074524,0.053333333333333344,0.026296296296296297
0.40181830525398254,0.053333333333333344,0.025925925925925925
0.4081116318702698,0.053333333333333344,0.025555555555555557
0.4288707375526428,0.053333333333333344,0.025185185185185185
0.4427723288536072,0.053333333333333344,0.024814814814814814
0.4538949131965637,0.053333333333333344,0.024444444444444446
0.460561603307724,0.053333333333333344,0.024074074074074074
0.47696051001548767,0.053333333333333344,0.023703703703703703
0.47807154059410095,0.053333333333333344,0.023333333333333334
0.4861060678958893,0.053333333333333344,0.022962962962962963
0.49834612011909485,0.053333333333333344,0.02259259259259259
0.5046571493148804,0.053333333333333344,0.022222222222222223
0.5281822085380554,0.05666666666666664,0.022222222222222223
0.5305918455123901,0.05666666666666664,0.02185185185185185
0.5338822603225708,0.05666666666666664,0.02148148148148148
0.5388178825378418,0.05666666666666664,0.021111111111111112
0.5409321188926697,0.05666666666666664,0.02074074074074074
0.5692684650421143,0.05666666666666664,0.020370370370370372
0.6031664609909058,0.05666666666666664,0.02
0.607506513595581,0.05666666666666664,0.01962962962962963
0.6218626499176025,0.05666666666666664,0.01925925925925926
0.6878073811531067,0.05666666666666664,0.01888888888888889
0.6919772624969482,0.06000000000000005,0.01888888888888889
0.706151008605957,0.06333333333333335,0.01888888888888889
0.7368648052215576,0.06333333333333335,0.018518518518518517
0.7426083087921143,0.06333333333333335,0.01814814814814815
0.7437927722930908,0.06666666666666665,0.01814814814814815
0.7488734722137451,0.06666666666666665,0.017777777777777778
0.7600514888763428,0.06666666666666665,0.017407407407407406
0.7781081199645996,0.06999999999999995,0.017407407407407406
0.7840746641159058,0.07333333333333336,0.017407407407407406
0.7972029447555542,0.07333333333333336,0.017037037037037038
0.7989083528518677,0.07333333333333336,0.016666666666666666
0.8074145317077637,0.07333333333333336,0.016296296296296295
0.8137800693511963,0.07333333333333336,0.015925925925925927
0.8772960901260376,0.07666666666666666,0.015925925925925927
0.89122474193573,0.07999999999999996,0.015925925925925927
0.8973367214202881,0.08333333333333337,0.015925925925925927
0.9052883386611938,0.08666666666666667,0.015925925925925927
0.9061357975006104,0.08666666666666667,0.015555555555555555
0.9267168045043945,0.08999999999999997,0.015555555555555555
0.9320352077484131,0.09333333333333338,0.015555555555555555
0.9348311424255371,0.09333333333333338,0.015185185185185185
0.9434611797332764,0.09666666666666668,0.015185185185185185
0.9487946629524231,0.09999999999999998,0.015185185185185185
0.9657590985298157,0.10333333333333339,0.015185185185185185
0.9693371653556824,0.10333333333333339,0.014814814814814815
0.9694530963897705,0.10333333333333339,0.014444444444444444
0.9696935415267944,0.10333333333333339,0.014074074074074074
0.9748926162719727,0.10666666666666669,0.014074074074074074
0.9752901792526245,0.10999999999999999,0.014074074074074074
0.9800275564193726,0.11333333333333329,0.014074074074074074
0.9815258979797363,0.11333333333333329,0.013703703703703704
0.9830001592636108,0.1166666666666667,0.013703703703703704
0.9837867021560669,0.12,0.013703703703703704
0.9867544174194336,0.12,0.013333333333333334
0.9882757663726807,0.12,0.012962962962962963
0.9884059429168701,0.12,0.012592592592592593
0.988791286945343,0.12,0.012222222222222223
0.9888839721679688,0.12,0.011851851851851851
0.9891372919082642,0.12,0.011481481481481481
0.9898890852928162,0.12,0.011111111111111112
0.9905049800872803,0.1233333333333333,0.011111111111111112
0.9906972646713257,0.1233333333333333,0.01074074074074074
0.9918562769889832,0.1266666666666667,0.01074074074074074
0.9923866391181946,0.1266666666666667,0.01037037037037037
0.9935788512229919,0.13,0.01037037037037037
0.9935978651046753,0.1333333333333333,0.01037037037037037
0.9936204552650452,0.13666666666666671,0.01037037037037037
0.9937588572502136,0.14,0.01037037037037037
0.9949602484703064,0.14,0.01
0.9950471520423889,0.1433333333333333,0.01
0.9952932596206665,0.1433333333333333,0.00962962962962963
0.9955705404281616,0.1433333333333333,0.009259259259259259
0.9959123134613037,0.1466666666666666,0.009259259259259259
0.9959472417831421,0.1466666666666666,0.008888888888888889
0.9962648153305054,0.1466666666666666,0.008518518518518519
0.9964110851287842,0.15000000000000002,0.008518518518518519
0.9964123964309692,0.15333333333333332,0.008518518518518519
0.9964591860771179,0.15666666666666662,0.008518518518518519
0.9970113039016724,0.16000000000000003,0.008518518518518519
0.9970715045928955,0.16000000000000003,0.008148148148148147
0.9971166253089905,0.16333333333333333,0.008148148148148147
0.9975458383560181,0.16666666666666663,0.008148148148148147
0.9975546598434448,0.17000000000000004,0.008148148148148147
0.9975823163986206,0.17000000000000004,0.0077777777777777776
0.9976291656494141,0.17333333333333334,0.0077777777777777776
0.9976882338523865,0.17666666666666664,0.0077777777777777776
0.9976974725723267,0.18000000000000005,0.0077777777777777776
0.9979367256164551,0.18000000000000005,0.007407407407407408
0.9980195760726929,0.18000000000000005,0.007037037037037037
0.9980369210243225,0.18000000000000005,0.006666666666666667
0.9983627796173096,0.18333333333333335,0.006666666666666667
0.9984742403030396,0.18333333333333335,0.006296296296296296
0.998540997505188,0.18666666666666665,0.006296296296296296
0.9985446929931641,0.18666666666666665,0.005925925925925926
0.9986411333084106,0.18666666666666665,0.005555555555555556
0.9988077282905579,0.18999999999999995,0.005555555555555556
0.9988447427749634,0.18999999999999995,0.005185185185185185
0.998926043510437,0.18999999999999995,0.004814814814814815
0.99895179271698,0.19333333333333336,0.004814814814814815
0.9989550113677979,0.19666666666666666,0.004814814814814815
0.9989619255065918,0.19666666666666666,0.0044444444444444444
0.9990087747573853,0.19999999999999996,0.0044444444444444444
0.9990217089653015,0.19999999999999996,0.004074074074074074
0.9990299344062805,0.20333333333333337,0.004074074074074074
0.9990345239639282,0.20666666666666667,0.004074074074074074
0.9990442395210266,0.20999999999999996,0.004074074074074074
0.9990752935409546,0.20999999999999996,0.003703703703703704
0.9990838766098022,0.20999999999999996,0.0033333333333333335
0.9990927577018738,0.20999999999999996,0.002962962962962963
0.9992129802703857,0.21333333333333337,0.002962962962962963
0.9992153644561768,0.21666666666666667,0.002962962962962963
0.9992456436157227,0.21666666666666667,0.0025925925925925925
0.9992526769638062,0.21999999999999997,0.0025925925925925925
0.9992809295654297,0.22333333333333338,0.0025925925925925925
0.9992993474006653,0.22666666666666668,0.0025925925925925925
0.9993131160736084,0.22999999999999998,0.0025925925925925925
0.9993143081665039,0.22999999999999998,0.0022222222222222222
0.9993610382080078,0.23333333333333328,0.0022222222222222222
0.9994004964828491,0.23333333333333328,0.001851851851851852
0.999401330947876,0.2366666666666667,0.001851851851851852
0.9994142651557922,0.24,0.001851851851851852
0.9994291067123413,0.24,0.0014814814814814814
0.9994301199913025,0.2433333333333333,0.0014814814814814814
0.999457597732544,0.2466666666666667,0.0014814814814814814
0.9994871616363525,0.25,0.0014814814814814814
0.9995852708816528,0.2533333333333333,0.0014814814814814814
0.9995853900909424,0.2566666666666667,0.0014814814814814814
0.9995867013931274,0.26,0.0014814814814814814
0.9995903968811035,0.2633333333333333,0.0014814814814814814
0.9995907545089722,0.2666666666666667,0.0014814814814814814
0.9995981454849243,0.2666666666666667,0.0011111111111111111
0.999599814414978,0.27,0.0011111111111111111
0.9996120929718018,0.2733333333333333,0.0011111111111111111
0.999616265296936,0.2766666666666666,0.0011111111111111111
0.9996235370635986,0.28,0.0011111111111111111
0.9996503591537476,0.28,0.0007407407407407407
0.9996585845947266,0.2833333333333333,0.0007407407407407407
0.9996685981750488,0.2866666666666666,0.0007407407407407407
0.9996743202209473,0.29000000000000004,0.0007407407407407407
0.999678909778595,0.29000000000000004,0.00037037037037037035
0.9996863603591919,0.29333333333333333,0.00037037037037037035
0.9997019171714783,0.29666666666666663,0.00037037037037037035
0.9997096061706543,0.30000000000000004,0.00037037037037037035
0.9997121095657349,0.30333333333333334,0.00037037037037037035
0.9997185468673706,0.30666666666666664,0.00037037037037037035
0.9997323155403137,0.31000000000000005,0.00037037037037037035
0.9997619390487671,0.31333333333333335,0.00037037037037037035
0.9997779130935669,0.31666666666666665,0.00037037037037037035
0.9997884631156921,0.31999999999999995,0.00037037037037037035
0.9998007416725159,0.32333333333333336,0.00037037037037037035
0.9998031854629517,0.32333333333333336,0.0
0.9998115301132202,0.32666666666666666,0.0
0.9998137950897217,0.32999999999999996,0.0
0.999814510345459,0.33333333333333337,0.0
0.9998236298561096,0.33666666666666667,0.0
0.9998354911804199,0.33999999999999997,0.0
0.9998466968536377,0.3433333333333334,0.0
0.9998518824577332,0.3466666666666667,0.0
0.9998534917831421,0.3533333333333334,0.0
0.9998536109924316,0.3566666666666667,0.0
0.9998664855957031,0.36,0.0
0.999881386756897,0.3633333333333333,0.0
0.999882161617279,0.3666666666666667,0.0
0.9998859763145447,0.37,0.0
0.9998871088027954,0.3733333333333333,0.0
0.9998919367790222,0.3766666666666667,0.0
0.999894380569458,0.38,0.0
0.999900221824646,0.3833333333333333,0.0
0.9999004006385803,0.3866666666666667,0.0
0.9999008178710938,0.39,0.0
0.9999009370803833,0.3933333333333333,0.0
0.9999033808708191,0.3966666666666666,0.0
0.9999037981033325,0.4,0.0
0.9999062418937683,0.4033333333333333,0.0
0.9999066591262817,0.4066666666666666,0.0
0.9999079704284668,0.41000000000000003,0.0
0.9999105930328369,0.41333333333333333,0.0
0.9999106526374817,0.41666666666666663,0.0
0.9999128580093384,0.42000000000000004,0.0
0.9999147653579712,0.42333333333333334,0.0
0.9999151825904846,0.42666666666666664,0.0
0.9999184608459473,0.43000000000000005,0.0
0.9999221563339233,0.43333333333333335,0.0
0.9999222159385681,0.43666666666666665,0.0
0.9999227523803711,0.43999999999999995,0.0
0.999923050403595,0.44333333333333336,0.0
0.9999252557754517,0.44666666666666666,0.0
0.9999295473098755,0.44999999999999996,0.0
0.9999309778213501,0.45333333333333337,0.0
0.9999327659606934,0.45666666666666667,0.0
0.99993497133255,0.45999999999999996,0.0
0.9999350309371948,0.4633333333333334,0.0
0.9999352097511292,0.4666666666666667,0.0
0.9999364018440247,0.47,0.0
0.9999381303787231,0.4733333333333334,0.0
0.9999392628669739,0.4766666666666667,0.0
0.9999431371688843,0.48,0.0
0.9999439120292664,0.4833333333333333,0.0
0.9999450445175171,0.4866666666666667,0.0
0.999945878982544,0.49,0.0
0.9999465942382812,0.4933333333333333,0.0
0.9999479055404663,0.4966666666666667,0.0
0.9999479651451111,0.5,0.0
0.9999487400054932,0.5033333333333334,0.0
0.9999489188194275,0.5066666666666666,0.0
0.9999498128890991,0.51,0.0
0.9999508857727051,0.5133333333333333,0.0
0.9999510645866394,0.5166666666666666,0.0
0.9999515414237976,0.52,0.0
0.9999556541442871,0.5233333333333333,0.0
0.9999563097953796,0.5266666666666666,0.0
0.9999566674232483,0.53,0.0
0.9999572038650513,0.5366666666666666,0.0
0.9999576807022095,0.54,0.0
0.9999579191207886,0.5433333333333333,0.0
0.9999583959579468,0.5466666666666666,0.0
0.9999584555625916,0.55,0.0
0.9999586343765259,0.5533333333333333,0.0
0.9999600052833557,0.5566666666666666,0.0
0.9999608397483826,0.56,0.0
0.9999616146087646,0.5666666666666667,0.0
0.9999624490737915,0.5700000000000001,0.0
0.9999625086784363,0.5733333333333333,0.0
0.9999631643295288,0.5766666666666667,0.0
0.9999635815620422,0.5800000000000001,0.0
0.9999649524688721,0.5833333333333333,0.0
0.999965250492096,0.5866666666666667,0.0
0.999965488910675,0.5900000000000001,0.0
0.9999657869338989,0.5933333333333333,0.0
0.9999659657478333,0.5966666666666667,0.0
0.9999662637710571,0.6,0.0
0.9999665021896362,0.6033333333333333,0.0
0.9999666810035706,0.6066666666666667,0.0
0.9999669790267944,0.61,0.0
0.9999671578407288,0.6133333333333333,0.0
0.9999675750732422,0.6166666666666667,0.0
0.9999690651893616,0.62,0.0
0.9999691843986511,0.6233333333333333,0.0
0.9999697804450989,0.6266666666666667,0.0
0.9999698996543884,0.63,0.0
0.9999707937240601,0.6333333333333333,0.0
0.9999715685844421,0.6366666666666667,0.0
0.9999719858169556,0.64,0.0
0.999972939491272,0.6433333333333333,0.0
0.9999732971191406,0.6466666666666667,0.0
0.999973475933075,0.65,0.0
0.999973714351654,0.6533333333333333,0.0
0.9999738931655884,0.6599999999999999,0.0
0.9999740719795227,0.6633333333333333,0.0
0.9999741315841675,0.6699999999999999,0.0
0.9999747276306152,0.6733333333333333,0.0
0.999975323677063,0.6766666666666667,0.0
0.9999755620956421,0.6799999999999999,0.0
0.9999756217002869,0.6833333333333333,0.0
0.9999764561653137,0.69,0.0
0.999976634979248,0.6933333333333334,0.0
0.9999768137931824,0.7,0.0
0.9999768733978271,0.7033333333333334,0.0
0.999977171421051,0.7066666666666667,0.0
0.9999773502349854,0.71,0.0
0.9999776482582092,0.7133333333333334,0.0
0.9999778866767883,0.7166666666666667,0.0
0.9999780654907227,0.72,0.0
0.9999781847000122,0.7233333333333334,0.0
0.9999784827232361,0.7266666666666667,0.0
0.9999785423278809,0.73,0.0
0.9999790191650391,0.7433333333333334,0.0
0.9999791383743286,0.7466666666666666,0.0
0.9999793171882629,0.75,0.0
0.9999794363975525,0.7533333333333333,0.0
0.9999796748161316,0.7566666666666666,0.0
0.9999797344207764,0.76,0.0
0.9999799132347107,0.7633333333333333,0.0
0.9999799728393555,0.7666666666666666,0.0
0.9999800324440002,0.77,0.0
0.999980628490448,0.7733333333333333,0.0
0.9999814629554749,0.78,0.0
0.9999815821647644,0.7833333333333333,0.0
0.9999816417694092,0.7866666666666666,0.0
0.9999822378158569,0.79,0.0
0.9999822974205017,0.7933333333333333,0.0
0.9999823570251465,0.7966666666666666,0.0
0.9999825358390808,0.8,0.0
0.9999825954437256,0.8033333333333333,0.0
0.9999827146530151,0.8066666666666666,0.0
0.9999827742576599,0.81,0.0
0.999983012676239,0.8133333333333334,0.0
0.9999831318855286,0.8166666666666667,0.0
0.9999831914901733,0.8200000000000001,0.0
0.9999832510948181,0.8233333333333334,0.0
0.9999834299087524,0.8266666666666667,0.0
0.9999834895133972,0.83,0.0
0.9999839663505554,0.8333333333333334,0.0
0.999984085559845,0.8366666666666667,0.0
0.9999842047691345,0.84,0.0
0.9999845027923584,0.8433333333333333,0.0
0.9999845623970032,0.8466666666666667,0.0
0.9999846816062927,0.85,0.0
0.9999847412109375,0.8533333333333333,0.0
0.999984860420227,0.86,0.0
0.9999849200248718,0.8666666666666667,0.0
0.9999849796295166,0.87,0.0
0.9999852180480957,0.8733333333333333,0.0
0.9999853372573853,0.8766666666666667,0.0
0.9999856948852539,0.88,0.0
0.9999858736991882,0.8866666666666667,0.0
0.9999861121177673,0.89,0.0
0.9999864101409912,0.8966666666666667,0.0
0.9999866485595703,0.9,0.0
0.9999870657920837,0.9033333333333333,0.0
0.9999871253967285,0.9066666666666666,0.0
0.9999871850013733,0.9133333333333333,0.0
0.9999873638153076,0.9166666666666666,0.0
0.9999876022338867,0.9233333333333333,0.0
0.999987781047821,0.9299999999999999,0.0
0.9999878406524658,0.9333333333333333,0.0
0.9999881386756897,0.9366666666666666,0.0
0.9999881982803345,0.94,0.0
0.999988317489624,0.9433333333333334,0.0
0.9999886155128479,0.95,0.0
0.9999886751174927,0.9566666666666667,0.0
0.9999894499778748,0.96,0.0
0.9999895095825195,0.9633333333333334,0.0
0.9999896883964539,0.9666666666666667,0.0
0.9999899864196777,0.97,0.0
0.9999901056289673,0.9733333333333334,0.0
0.9999902248382568,0.9766666666666667,0.0
0.9999914169311523,0.98,0.0
0.9999918937683105,0.9833333333333333,0.0
0.9999924302101135,0.9866666666666667,0.0
0.9999929666519165,0.99,0.0
0.9999933242797852,0.9933333333333333,0.0
0.9999939203262329,0.9966666666666667,0.0
0.9999961853027344,1.0,0.0
